people_id,name,birth_date
p_4826,Matti Pellonpää,1951-03-28
p_5999,Kati Outinen,1961-08-17
p_4828,Sakari Kuosmanen,1956-09-06
p_2565,Yves Montand,1921-10-13
p_27442,Renato Salvatori,1933-03-20
p_38244,O.E. Hasse,1903-07-11
p_24683,Jacques Weber,1949-08-23
p_38898,Jean-Luc Bideau,1940-10-01
p_39177,Maurice Teynac,\N
p_39441,Yvette Etiévant,\N
p_124980,Evangeline Peterson,\N
p_3513,André Falcon,1924-11-28
p_124982,Martha Contreras,\N
p_20030,Jacques Perrin,1941-07-13
p_124984,Harald Wolff,\N
p_124985,Nemesio Antúnez,\N
p_3122,Sammi Davis,\N
p_3123,Amanda De Cadenet,\N
p_3124,Valeria Golino,1966-10-22
p_3125,Madonna,1958-08-16
p_3126,Ione Skye,1970-09-04
p_3127,Lili Taylor,1967-02-20
p_3128,Alicia Witt,1975-08-21
p_3130,Jennifer Beals,1963-12-19
p_2555,David Proval,1942-05-20
p_3131,Antonio Banderas,1960-08-10
p_3132,Lana McKissack,\N
p_3133,Patricia Vonne,\N
p_3134,Tamlyn Tomita,1966-01-27
p_3135,Danny Verduzco,\N
p_3136,Salma Hayek,1966-09-02
p_3137,Paul Calderon,1959-01-01
p_138,Quentin Tarantino,1963-03-27
p_2545,Lawrence Bender,1957-10-17
p_3138,Kathy Griffin,\N
p_3141,Marisa Tomei,1964-12-04
p_3129,Tim Roth,1961-05-14
p_62,Bruce Willis,1957-03-19
p_37336,Kimberly Blair,\N
p_3140,Marc Lawrence,1910-02-17
p_204498,Paul Skemp,\N
p_2,Mark Hamill,1951-09-25
p_3,Harrison Ford,1942-07-13
p_4,Carrie Fisher,1956-10-21
p_5,Peter Cushing,1913-05-26
p_6,Anthony Daniels,1946-02-21
p_130,Kenny Baker,1934-08-24
p_12248,Alec Guinness,1914-04-02
p_24343,Peter Mayhew,1944-05-19
p_24342,David Prowse,1935-07-01
p_33032,Phil Brown,\N
p_124872,Shelagh Fraser,\N
p_13463,Jack Purvis,\N
p_69249,Eddie Byrne,1911-01-31
p_47401,Drewe Henley,\N
p_47698,Denis Lawson,1947-09-27
p_17356,Garrick Hagon,1939-09-27
p_663,William Hootkins,1948-07-05
p_58475,Angus MacInnes,\N
p_42570,Don Henderson,\N
p_12829,Richard LeParmentier,\N
p_128537,Tiffany L. Kurtz,\N
p_10657,Shane Rimmer,1929-05-28
p_158023,Malcolm Tierney,\N
p_7727,Phil Tippett,\N
p_63,Milla Jovovich,1975-12-17
p_64,Gary Oldman,1958-03-21
p_65,Ian Holm,1931-09-12
p_66,Chris Tucker,1972-08-31
p_8395,Luke Perry,1966-10-11
p_591,Brion James,1945-02-20
p_8396,Tommy 'Tiny' Lister,1958-06-24
p_7400,Lee Evans,1964-02-25
p_8397,Charlie Creed-Miles,1972-03-24
p_12642,John Neville,1925-05-02
p_8398,John Bluthal,1929-08-12
p_2406,Mathieu Kassovitz,1967-08-03
p_8399,Christopher Fairbank,1953-10-04
p_8400,Kim Chan,1917-12-28
p_16792,Richard Leaf,\N
p_28897,Julie T. Wallace,\N
p_10208,Al Matthews,1942-11-21
p_64210,Maïwenn Le Besco,1976-04-17
p_47547,John Bennett,\N
p_80075,Ivan Heng,\N
p_83366,Sonita Henry,\N
p_15740,Tim McMullan,\N
p_169371,George Khan,\N
p_230249,Richard Ashton,\N
p_26138,Anthony Chinn,\N
p_17072,Sam Douglas,1957-06-17
p_62498,David Kennedy,\N
p_45438,David Barrass,\N
p_33403,Mac McDonald,1949-06-18
p_109013,Mark Seaton,\N
p_217638,Indra Ové,\N
p_36901,Martin McDougall,\N
p_53246,Jason Salkey,\N
p_33186,Alan Ruscoe,\N
p_64102,Christopher Adamson,1956-06-06
p_188188,Kevin Brewerton,\N
p_8445,Michael Culkin,\N
p_987,Lenny McLean,\N
p_209976,Robert Oates,\N
p_36900,John Sharian,\N
p_155028,Sean Buckley,\N
p_114521,Marie Guillard,1972-06-20
p_155756,Frank Senger,\N
p_98,Sarah Polley,1979-01-08
p_99,Amanda Plummer,1957-03-23
p_100,Scott Speedman,1975-09-01
p_101,Leonor Watling,1975-07-28
p_102,Deborah Harry,1945-07-01
p_103,Mark Ruffalo,1967-11-22
p_2319,Maria de Medeiros,1965-08-19
p_2320,Julian Richings,1955-09-08
p_2321,Jessica Amlee,1994-07-17
p_2322,Kenya Jo Kennedy,\N
p_2323,Camille Martinez,\N
p_658,Alfred Molina,1953-05-24
p_114,Orlando Bloom,1977-01-13
p_116,Keira Knightley,1985-03-26
p_118,Geoffrey Rush,1951-08-06
p_85,Johnny Depp,1963-06-09
p_1709,Jack Davenport,1973-03-01
p_378,Jonathan Pryce,1947-06-01
p_1710,Lee Arenberg,1962-07-18
p_1711,Mackenzie Crook,1971-09-29
p_1712,Damian O'Hare,\N
p_1713,Giles New,\N
p_1714,Angus Barnett,1963-01-01
p_1715,David Bailie,1937-12-04
p_1716,Michael Berry Jr.,1964-01-01
p_1717,Isaac C. Singleton Jr.,\N
p_2449,Kevin McNally,1956-04-27
p_12802,Treva Etienne,1965-07-21
p_8691,Zoe Saldana,1978-06-19
p_9298,Guy Siner,1947-10-16
p_122942,Ralph P. Martin,\N
p_59056,Paula J. Newman,\N
p_157041,Paul Keith,1944-06-01
p_238639,Lucinda Dryzek,\N
p_81284,Luke de Woolfson,\N
p_184912,Michael Sean Tighe,\N
p_4031,Greg Ellis,1968-03-21
p_105126,Dustin Seavey,\N
p_57252,Trevor Goddard,1962-10-14
p_60941,Ben Wilson,\N
p_2450,Lauren Maher,\N
p_98712,Brye Cooper,\N
p_2452,Vanessa Branch,1973-03-21
p_4030,Martin Klebba,1969-06-23
p_135684,Maxie J. Santillan Jr.,\N
p_233279,Tommy Schooler,\N
p_230048,LeJon,\N
p_59215,Jordi Caballero,\N
p_174007,Paul Gagné,\N
p_247365,Dylan Smith,1992-11-30
p_139,Uma Thurman,1970-04-29
p_140,Lucy Liu,1968-12-02
p_141,David Carradine,1936-12-08
p_147,Michael Madsen,1957-09-25
p_589,Daryl Hannah,1960-12-03
p_2535,Vivica A. Fox,1964-07-30
p_2539,Julie Dreyfus,\N
p_2538,Chiaki Kuriyama,1984-10-10
p_2537,Sonny Chiba,1939-01-23
p_3684,Chia Hui Liu,1955-11-30
p_2536,Michael Parks,1940-04-24
p_2234,Michael Bowen,1953-06-21
p_2541,Jun Kunimura,1955-11-16
p_113100,James Parks,1968-11-16
p_58616,Sakichi Satô,\N
p_58477,Jonathan Loughran,1966-01-01
p_146369,Yoshiyuki Morishita,\N
p_106366,Kazuki Kitamura,\N
p_102562,Yôji Tanaka,\N
p_231221,Issei Takahashi,\N
p_2544,Akaji Maro,\N
p_9193,Shun Sugata,\N
p_82999,Shu Lan Tuan,\N
p_6446,Christopher Allen Nelson,\N
p_164,Lior Ashkenazi,1969-12-28
p_165,Knut Berger,\N
p_166,Caroline Peters,1971-09-07
p_167,Gideon Shemer,\N
p_168,Carola Regnier,1943-04-02
p_169,Hanns Zischler,1947-06-18
p_170,Ernest Lenart,\N
p_176,Kieran O'Brien,1973-01-01
p_177,Margo Stilley,1982-11-20
p_3689,Elbow,\N
p_3690,Franz Ferdinand,\N
p_3691,Black Rebel Motorcycle Club,\N
p_3692,The Von Bondies,\N
p_3693,Primal Scream,\N
p_3694,Super Furry Animals,\N
p_3695,Michael Nyman,\N
p_8349,Martin Sheen,1940-08-03
p_3084,Marlon Brando,1924-04-03
p_3087,Robert Duvall,1931-01-05
p_2975,Laurence Fishburne,1961-07-30
p_8350,Sam Bottoms,1955-10-17
p_8351,Frederic Forrest,1936-12-23
p_8354,Albert Hall,1937-11-10
p_2778,Dennis Hopper,1936-05-17
p_3173,G.D. Spradlin,1920-08-31
p_8346,Jerry Ziesmer,\N
p_20661,Tsutomu Isobe,\N
p_20662,Ami Hasegawa,\N
p_20663,Gara Takashima,\N
p_20664,Kouichi Yamadera,\N
p_258,Gael García Bernal,1978-11-30
p_259,Vanessa Bauche,1973-02-18
p_261,Goya Toledo,1969-09-24
p_262,Alvaro Guerrero,\N
p_263,Emilio Echevarría,\N
p_264,Jorge Salinas,\N
p_265,Rodrigo Murray,\N
p_266,Humberto Busto,\N
p_267,Gerardo Campbell,\N
p_268,Rosa María Bianchi,\N
p_269,Dunia Saldívar,\N
p_270,Adriana Barraza,1956-03-05
p_271,José Sefami,\N
p_272,Lourdes Echevarría,\N
p_260,Marco Pérez,\N
p_199,Julie Kavner,1951-09-07
p_6008,Harry Shearer,1943-12-23
p_6034,Christopher Collins,\N
p_200,Nancy Cartwright,1957-10-25
p_198,Dan Castellaneta,1957-10-29
p_6009,Pamela Hayden,1953-11-28
p_5586,Yeardley Smith,1964-07-03
p_245,Keir Dullea,1936-05-30
p_246,Gary Lockwood,1937-02-21
p_247,William Sylvester,1922-01-31
p_248,Daniel Richter,\N
p_249,Leonard Rossiter,1926-10-21
p_250,Margaret Tyzack,\N
p_251,Robert Beatty,\N
p_252,Sean Sullivan,\N
p_253,Douglas Rain,\N
p_288,Jon Seda,1970-10-14
p_105132,Michael Chance,\N
p_105133,Vernon Campbell,\N
p_37891,Simon Jones,1950-07-27
p_7576,Bill Raymond,\N
p_59112,Ernest Abuba,\N
p_152573,Irma St. Paule,\N
p_289,Madeleine Stowe,1958-08-18
p_79972,Joey Perillo,\N
p_287,Brad Pitt,1963-12-18
p_213094,Nell Johnson,\N
p_292,Frederick Strother,\N
p_204273,Rick Warner,\N
p_291,Frank Gorshin,1933-04-05
p_32800,Drucie McDaniel,\N
p_52,David Morse,1953-10-11
p_229420,Charles Techman,\N
p_153971,Chuck Jeffreys,1958-07-23
p_64908,Lisa Gay Hamilton,1964-03-25
p_11154,Matt Ross,1970-01-03
p_60569,John Panzarella,\N
p_290,Christopher Plummer,1929-12-13
p_22227,Christopher Meloni,1961-04-02
p_101291,Joseph McKenna,\N
p_198703,Michael Ryan Segal,\N
p_66094,Annie Golden,1951-10-19
p_127090,Stephen Bridgewater,1953-08-24
p_49002,Donald Faison,1974-06-22
p_398,Rosario Flores,1963-11-04
p_1610,Javier Cámara,1967-01-19
p_3618,Darío Grandinetti,1959-03-05
p_399,Mariola Fuentes,1970-08-12
p_400,Geraldine Chaplin,1944-07-31
p_402,Pina Bausch,1940-07-27
p_3619,Malou Airaudo,\N
p_3620,Caetano Veloso,\N
p_3621,Roberto Álvarez,1956-05-13
p_3623,Elena Anaya,1975-07-17
p_2759,Lola Dueñas,1971-10-06
p_3624,Adolfo Fernández,\N
p_3625,Ana Fernández,1963-05-19
p_3482,Chus Lampreave,1930-12-11
p_3626,Helio Pedregal,\N
p_3627,Paz Vega,1976-01-02
p_1602,Fele Martínez,1975-02-22
p_761,Kais Nashef,\N
p_762,Ali Suliman,1977-10-10
p_763,Lubna Azabel,\N
p_764,Amer Hlehel,\N
p_765,Hiam Abbass,1960-11-30
p_766,Ashraf Barhom,1979-01-08
p_791,Mohammad Bustami,\N
p_585,Rutger Hauer,1944-01-23
p_587,Edward James Olmos,1947-02-24
p_592,Joe Turkel,1927-07-15
p_593,Joanna Cassidy,1945-08-02
p_53760,Kevin Thompson,\N
p_58495,Morgan Paull,1944-12-15
p_20904,James Hong,1929-02-22
p_88075,John Edward Allen,\N
p_88076,Hy Pyke,\N
p_88077,Kimiko Hiroshige,\N
p_88078,Bob Okazaki,\N
p_1336,Jet Li,1963-04-26
p_1337,Tony Leung Chiu Wai,1962-06-27
p_1338,Maggie Cheung,1964-09-20
p_1339,Ziyi Zhang,1979-02-09
p_1340,Daoming Chen,1955-04-26
p_1341,Donnie Yen,1963-07-27
p_1342,Liu Zhong Yuan,\N
p_1343,Zheng Tia Yong,\N
p_1344,Yan Qin,\N
p_1345,Chang Xiao Yang,\N
p_650,Karen Allen,1951-10-05
p_652,Paul Freeman,1943-01-18
p_653,Ronald Lacey,1935-09-28
p_655,John Rhys-Davies,1944-05-05
p_656,Denholm Elliott,1922-05-31
p_659,Wolf Kahler,1940-04-03
p_660,Anthony Higgins,1947-05-09
p_661,Vic Tablian,\N
p_662,Don Fellows,1922-12-22
p_167478,Patrick Durkin,\N
p_200592,Matthew Scurfield,\N
p_10942,Pat Roach,1937-05-19
p_150927,Tutte Lemkow,\N
p_194257,Ishaq Bux,\N
p_5531,Kiran Shah,1956-09-28
p_86630,Terry Richards,\N
p_664,Frank Marshall,1946-09-13
p_2247,George Harris,1949-10-20
p_55909,Eddie Tagoe,\N
p_83905,John Rees,\N
p_24714,Tony Vogel,\N
p_8591,Ted Grossman,\N
p_15358,Vic Armstrong,1946-10-05
p_7024,Nick Gillard,\N
p_3993,Dennis Muren,\N
p_70417,Michael Sheard,\N
p_675,Christian Ulmen,1975-09-22
p_677,Moritz Bleibtreu,1971-08-13
p_678,Martina Gedeck,1961-09-14
p_679,Franka Potente,1974-07-22
p_680,Corinna Harfouch,1954-10-16
p_681,Nina Hoss,1975-07-07
p_682,Uwe Ochsenknecht,1956-01-07
p_683,Jasmin Tabatabai,1967-06-08
p_684,Tom Schilling,1982-10-02
p_685,Nina Kronjäger,1967-02-26
p_688,Hermann Beyer,1943-05-30
p_692,Jennifer Ulrich,1984-10-18
p_697,Michael Gwisdek,1942-01-14
p_714,Ulrike Kriener,1954-12-24
p_1081,Herbert Knaup,1956-03-26
p_43156,Deborah Kaufmann,1970-03-23
p_23530,Rüdiger Klink,1971-08-10
p_4620,Thorsten Merten,1963-01-01
p_36462,Franziska Schlattner,1971-01-01
p_36442,Ingeborg Westphal,1951-01-01
p_43163,Ursula Karusseit,1939-08-02
p_43164,Dieter Bach,\N
p_20021,Wilfried Hochholdinger,1962-10-08
p_39296,Simon Licht,1966-07-08
p_43165,Michael Zühlke,1976-11-10
p_43166,Tyra Misoux,1983-01-03
p_43167,Bernd Stempel,\N
p_39863,Joachim Kretzer,\N
p_43168,Rainer Heise,\N
p_43169,Christian Schmidt,\N
p_4215,Manfred Möck,1959-02-14
p_43170,Thomas Huber,1963-07-11
p_282659,Jelena Weber,1987-12-01
p_953,Cecilia Roth,1958-08-08
p_954,Marisa Paredes,1946-04-03
p_955,Penélope Cruz,1974-04-28
p_958,Candela Peña,1973-07-14
p_961,Antonia San Juan,\N
p_962,Rosa Maria Sardà,\N
p_963,Toni Cantò,\N
p_964,Eloy Azorín,1977-02-19
p_965,Fernando Fernán Gómez,1921-08-28
p_3650,Carlos Lozano,\N
p_3652,Manuel Morón,\N
p_3653,José Luis Torrijo,\N
p_3654,Malena Gutiérrez,\N
p_3655,Yael Barnatán,\N
p_973,Jason Flemyng,1966-09-25
p_974,Dexter Fletcher,1966-01-31
p_975,Nick Moran,1969-12-23
p_976,Jason Statham,1967-07-26
p_978,Steven Mackintosh,1967-04-30
p_980,Vinnie Jones,1965-01-05
p_982,Sting,1951-10-02
p_984,Nicholas Rowe,1966-11-22
p_985,Nick Marcq,\N
p_986,Charles Forbes,\N
p_988,Peter McNicholl,\N
p_989,P.H. Moriarty,1939-02-27
p_990,Frank Harper,1962-01-01
p_991,Steve Sweeney,\N
p_992,Huggy Leaver,\N
p_993,Tony McMahon,\N
p_994,Stephen Marcus,1962-06-18
p_995,Vas Blackwood,1962-01-17
p_4317,Jake Abraham,\N
p_4318,Victor McGuire,\N
p_151632,Steve Collins,1964-07-21
p_151875,Ronnie Fox,\N
p_47632,Rob Brydon,1965-05-03
p_151876,Stephen Callender-Ferrier,\N
p_151877,Elwin 'Chopper' David,\N
p_83753,Vera Day,\N
p_67214,Jimmy Flint,\N
p_1116,Alan Ford,1938-02-23
p_151878,Sid Golder,\N
p_151879,Alex Hall,\N
p_151880,John Houchin,\N
p_151881,Derek Howard,\N
p_10842,Danny John-Jules,1960-09-16
p_151882,Bal Jusar,\N
p_966,Tim Maurice-Jones,\N
p_151883,Mark Mooney,\N
p_151884,Suzy Ratner,\N
p_53678,David Reid,\N
p_151885,Graham Stevens,\N
p_151886,James Tarbuck,\N
p_17290,Andrew Tiernan,\N
p_151887,Richard Vanstone,\N
p_957,Matthew Vaughn,1971-03-07
p_1003,Jean Reno,1948-07-30
p_524,Natalie Portman,1981-06-09
p_1004,Danny Aiello,1933-06-20
p_1005,Peter Appel,\N
p_1006,Willi One Blood,\N
p_1007,Don Creech,1948-10-30
p_1008,Keith A. Glascoe,\N
p_1009,Randolph Scott,1898-01-23
p_1010,Michael Badalucco,1954-12-20
p_13420,Ellen Greene,1951-02-22
p_230399,Elizabeth Regen,\N
p_25075,Luc Bernard,\N
p_58533,Jessie Keosian,\N
p_217899,Stuart Rudin,\N
p_155797,Kent Broadhurst,\N
p_28037,Peter Linari,\N
p_131510,Geoffrey Bateman,\N
p_100161,Joseph Malerba,\N
p_233540,David W. Butler,\N
p_65831,Robert LaSardo,1963-09-20
p_69803,Randy Pearlstein,\N
p_17926,Fred Fischer,\N
p_93560,Adam Busch,\N
p_189910,Mario Todisco,\N
p_55275,Jernard Burks,\N
p_60638,Matt De Matt,\N
p_20666,Samy Naceri,1961-07-02
p_116539,Michel Montanary,\N
p_118696,Marc Andréoni,\N
p_5311,Hélène Cardona,\N
p_1017,Sonja Richter,1974-01-04
p_1018,Nikolaj Lie Kaas,1973-05-22
p_1019,Mads Mikkelsen,1965-11-22
p_4458,Paprika Steen,1964-11-03
p_1021,Stine Bjerregaard,1986-09-05
p_4459,Birthe Neumann,\N
p_1023,Niels Olsen,\N
p_1024,Ulf Pilgaard,\N
p_1025,Ronnie Hiort Lorenzen,\N
p_1026,Anders Nyborg,\N
p_1082,Nina Petri,1963-07-16
p_1083,Armin Rohde,1955-04-04
p_1084,Joachim Król,1957-06-17
p_1085,Suzanne von Borsody,1957-09-23
p_1086,Heino Ferch,1963-08-18
p_1087,Lars Rudolph,1966-08-18
p_1088,Ludger Pistor,1959-03-16
p_16782,Monica Bleibtreu,1944-05-04
p_3702,Sebastian Schipper,1968-05-08
p_3703,Ute Lubosch,1953-03-10
p_3704,Julia Lindig,\N
p_3705,Andreas Petri,\N
p_3706,Klaus Müller,\N
p_3707,Utz Krause,\N
p_3708,Volkart Buff,\N
p_1100,Arnold Schwarzenegger,1947-07-30
p_1101,Carl Weathers,1948-01-14
p_1102,Elpidia Carrillo,1961-08-16
p_1103,Bill Duke,1943-02-26
p_1104,Jesse Ventura,\N
p_1105,Sonny Landham,1941-02-11
p_1106,Richard Chaves,\N
p_1107,R.G. Armstrong,1917-04-07
p_1108,Shane Black,1961-12-16
p_1109,Kevin Peter Hall,1955-05-09
p_20761,Sven-Ole Thorsen,1944-09-24
p_1137,Juliette Binoche,1964-03-09
p_1138,Benoît Régent,1953-08-19
p_1139,Florence Pernel,1966-07-13
p_1140,Charlotte Véry,\N
p_1141,Hélène Vincent,1943-09-09
p_1142,Philippe Volter,1959-03-23
p_37110,Emmanuelle Riva,1927-02-24
p_38170,Hugues Quester,1948-08-05
p_35401,Yves Penay,1953-09-23
p_38501,Isabelle Sadoyan,1928-05-12
p_74839,Arno Chevrier,\N
p_19075,Philippe Morier-Genoud,1944-03-02
p_1145,Zbigniew Zamachowski,1961-07-17
p_1146,Julie Delpy,1969-12-21
p_1147,Janusz Gajos,1939-09-23
p_1148,Jerzy Stuhr,1947-04-18
p_1149,Aleksander Bardini,1913-11-17
p_195726,Grzegorz Warchol,\N
p_6415,Cezary Harasimowicz,1955-08-20
p_7119,Jerzy Nowak,\N
p_2831,Jerzy Trela,1942-03-14
p_228161,Teresa Budzisz-Krzyżanowska,1942-09-17
p_1350,Irène Jacob,1966-07-15
p_1352,Jean-Louis Trintignant,1930-12-11
p_1354,Frédérique Feder,\N
p_1356,Jean-Pierre Lorit,1960-11-29
p_49025,Samuel Le Bihan,1965-11-02
p_27983,Marion Stalens,\N
p_73873,Teco Celio,\N
p_1181,Peter Gantzler,1958-09-28
p_1182,Sara Indrio Jensen,1975-01-04
p_1183,Ann Eleonora Jørgensen,\N
p_1184,Anders W. Berthelsen,1969-09-28
p_1185,Anette Støvelbæk,\N
p_1186,Lars Kaalund,\N
p_3880,Karen-Lise Mynster,\N
p_3881,Rikke Wölck,\N
p_3882,Bent Mejding,1937-01-14
p_3883,Elsebeth Steentoft,\N
p_3884,Lene Tiemroth,\N
p_3885,Claus Gerving,\N
p_2244,Jesper Christensen,1948-05-16
p_3887,Carlo Barsotti,\N
p_3888,Alex Nyborg Madsen,\N
p_3889,Steen Svare,\N
p_3890,Susanne Oldenburg,\N
p_3891,Martin Brygmann,\N
p_4258,Oh Yeong-su,\N
p_1188,Kim Ki-Duk,1960-12-20
p_120529,Young-min Kim,1971-11-05
p_4260,Seo Jae-kyung,\N
p_4261,Ha Yeo-jin,\N
p_4262,Kim Jong-ho,\N
p_4263,Kim Jung-young,\N
p_4264,Dae-han Ji,\N
p_4265,Choi Min,\N
p_4266,Park Ji-a,\N
p_4267,Song Min-young,\N
p_1384,Grażyna Szapołowska,1953-09-19
p_1385,Maria Pakulnis,\N
p_1386,Jerzy Radziwiłowicz,1950-09-08
p_1387,Artur Barciś,1956-08-12
p_1391,Krzysztof Krzemiński,\N
p_1393,Wacław Ulewicz,\N
p_1394,Mirosław Siedler,1961-01-02
p_1395,Paweł Nowisz,1940-01-15
p_1402,Bogusław Linda,1952-06-27
p_1405,Zbigniew Zapasiewicz,1934-09-13
p_1408,Marzena Trybała,1950-11-16
p_1409,Adam Ferency,1951-10-05
p_1413,Tadeusz Lomnicki,1927-07-28
p_20329,Takako Fuji,1972-07-27
p_622,Yôji Matsuda,\N
p_20330,Yuriko Ishida,\N
p_20331,Yûko Tanaka,\N
p_20332,Kaoru Kobayashi,\N
p_20333,Masahiko Nishimura,\N
p_20334,Tsunehiko Kamijô,\N
p_613,Sumi Shimamoto,\N
p_20335,Tetsu Watanabe,\N
p_20336,Mitsuru Satô,\N
p_20337,Akira Nagoya,\N
p_20338,Akihiro Miwa,\N
p_20339,Mitsuko Mori,\N
p_20340,Hisaya Morishige,\N
p_19587,Rumi Hîragi,\N
p_19588,Miyu Irino,\N
p_19589,Mari Natsuki,\N
p_19590,Takashi Naitô,\N
p_19591,Yasuko Sawaguchi,\N
p_19592,Tatsuya Gashuin,\N
p_19593,Ryunosuke Kamiki,1993-05-19
p_19594,Yumi Tamai,\N
p_1505,Edgar Allan Woolf,\N
p_1507,Leila Hyams,1905-05-01
p_1508,Olga Baclanova,1896-08-19
p_1509,Roscoe Ates,1895-01-20
p_1510,Henry Victor,1892-10-02
p_1513,Rose Dione,\N
p_1514,Daisy Hilton,\N
p_1515,Violet Hilton,\N
p_1516,Schlitzie,1901-09-10
p_1517,Josephine Joseph,\N
p_1519,Koo Koo,\N
p_1522,Johnny Eck,\N
p_1523,Peter Robinson,\N
p_1521,Prince Randian,\N
p_1512,Daisy Earles,1907-04-29
p_1511,Harry Earles,1902-04-03
p_35849,Wallace Ford,1898-02-12
p_57423,Angelo Rossito,\N
p_242630,Frances O'Connor,1914-09-08
p_1562,Iben Hjejle,1971-03-22
p_1563,Jesper Asholt,\N
p_1564,Sofie Gråbøl,1968-07-30
p_1565,Emil Tarding,\N
p_1566,Anders Hove,1956-01-16
p_1567,Mette Bratlann,\N
p_1568,Susanne Storm,\N
p_1569,Ellen Hillingsø,\N
p_1603,Daniel Giménez Cacho,1961-05-15
p_1604,Lluís Homar,1957-04-20
p_1605,Francisco Maestre,1957-07-02
p_1606,Francisco Boira,1971-08-26
p_1608,Nacho Pérez,1990-11-07
p_1609,Raúl García Forneiro,\N
p_1611,Alberto Ferreiro,1983-03-08
p_235766,Petra Martínez,1944-06-24
p_235767,Sandra,\N
p_235768,Roberto Hoyas,1979-08-01
p_952,Agustín Almodóvar,1955-01-01
p_309,Pedro Almodóvar,1949-09-25
p_235769,Luis Martín Gil,\N
p_235770,Pau Poch,1993-01-01
p_244491,Juan Fernández,1957-01-01
p_2310,Bruno Ganz,1941-03-22
p_2311,Otto Sander,1941-06-30
p_2312,Solveig Dommartin,1961-05-16
p_2313,Curt Bois,1901-04-05
p_2314,Peter Falk,1927-09-16
p_2315,Hans Martin Stier,1950-09-29
p_2316,Beatrice Manowski,1968-07-31
p_2317,Elmar Wilms,\N
p_1619,Chow Yun Fat,1955-05-18
p_1620,Michelle Yeoh,1962-08-06
p_1622,Chen Chang,1976-10-14
p_1623,Sihung Lung,\N
p_1624,Pei-pei Cheng,1946-12-04
p_1625,Fa Zeng Li,\N
p_1626,Xian Gao,\N
p_1627,Yan Hai,\N
p_1628,De Ming Wang,\N
p_1629,Li Li,\N
p_1653,Jean-Pierre Léaud,1944-05-28
p_1654,Claire Maurier,1929-03-27
p_1655,Albert Rémy,1911-04-09
p_1658,Georges Flamant,1903-09-03
p_1659,Patrick Auffay,\N
p_1660,Robert Beauvais,\N
p_1661,Yvonne Claudie,\N
p_1662,Pierre Repp,\N
p_1656,Guy Decomble,1910-11-12
p_504,Tim Robbins,1958-10-16
p_1665,Eddie Marsan,1968-06-09
p_1667,Danny Cunningham,\N
p_1668,Emmanuel Idowu,\N
p_1669,Dean Lennox Kelly,\N
p_1670,Daniel Mays,1978-03-31
p_1671,Sverre Anker Ousdal,1944-07-18
p_1672,Reg Wilson,\N
p_1673,Peter Wright,\N
p_1666,Julie Christie,1941-08-14
p_1686,Takeshi Kusao,\N
p_1687,Kazuhiro Kamifuji,\N
p_1688,Tatsuhiko Nakamura,\N
p_1689,Fukue Itô,\N
p_1748,William Shatner,1931-03-22
p_1749,Leonard Nimoy,1932-03-26
p_1750,DeForest Kelley,1920-01-20
p_1751,James Doohan,1920-03-03
p_1752,George Takei,1937-04-20
p_1753,Nichelle Nichols,1932-12-28
p_1754,Walter Koenig,1936-09-14
p_1755,Majel Barrett,1932-02-23
p_1756,Stephen Collins,1947-10-01
p_1757,Persis Khambatta,1948-10-02
p_1759,Grace Lee Whitney,1930-04-01
p_1820,Mark Lenard,1924-10-15
p_155439,Billy Van Zandt,\N
p_44054,Roger Aaron Brown,1949-06-12
p_182734,David Gautreaux,\N
p_196086,Jon Rashad Kamal,\N
p_206208,Terrence O'Connor,\N
p_72658,Franklyn Seales,1952-07-15
p_169472,Momo Yashima,\N
p_13458,Joel Kramer,\N
p_153278,Norman Stuart,\N
p_26080,Paul Weber,\N
p_178727,Junero Jennings,\N
p_171804,Ve Neill,\N
p_1793,Ricardo Montalban,1920-11-25
p_1794,Bibi Besch,1940-02-01
p_1795,Merritt Butrick,\N
p_1796,Kirstie Alley,1951-01-12
p_1818,Paul Winfield,1939-05-22
p_92339,Ike Eisenmann,\N
p_85902,John Vargas,\N
p_15710,John Winston,\N
p_181275,Paul Kent,\N
p_36821,Nicholas Guest,\N
p_70777,Kevin Rodney Sullivan,1958-08-03
p_177884,Joel Marston,\N
p_81233,Steve Bond,\N
p_3894,Christian Bale,1974-01-30
p_1810,Heath Ledger,1979-04-04
p_6383,Aaron Eckhart,1968-03-12
p_3895,Michael Caine,1933-03-14
p_1579,Maggie Gyllenhaal,1977-11-16
p_192,Morgan Freeman,1937-06-01
p_53651,Monique Gabriela Curnen,1970-09-07
p_57597,Ron Dean,\N
p_2037,Cillian Murphy,1976-05-25
p_141926,Chin Han,1969-11-27
p_21316,Nestor Carbonell,1967-12-01
p_21315,Eric Roberts,1956-04-18
p_13939,Ritchie Coster,1967-07-01
p_1904,Anthony Michael Hall,1968-04-14
p_95168,Keith Szarabajka,1952-12-02
p_77932,Colin McFarlane,\N
p_34544,Joshua Harto,1979-01-09
p_58692,Melinda McGraw,1963-10-25
p_18052,Nathan Gamble,1998-01-12
p_85518,Michael Vieau,\N
p_84943,Michael Stoyanov,1970-12-14
p_226412,William Smillie,\N
p_16477,Danny Goldring,\N
p_64856,Michael Jai White,1967-11-10
p_886,William Fichtner,1956-11-27
p_96505,Beatrice Rosen,1977-11-29
p_24595,Vincenzo Nicoli,\N
p_20372,Edison Chen,\N
p_76267,Will Zahrn,\N
p_87284,Winston Ellis,\N
p_164149,David Dastmalchian,1984-07-21
p_85578,Keith Kupferer,\N
p_109048,Richard Dillane,1964-01-01
p_177842,Philip Bulcock,1970-01-01
p_29617,Paul Birchard,\N
p_60413,Vincent Riotta,1959-01-03
p_182660,K. Todd Freeman,1965-07-09
p_85529,Peter Defaria,\N
p_143444,Matt Rippy,\N
p_47525,Andrew Bicknell,\N
p_91992,Ariyon Bakare,\N
p_102886,Doug Ballard,\N
p_229909,Tommy Campbell,\N
p_194506,Peter Brooke,\N
p_98930,Matthew Leitch,\N
p_231100,Thomas Gaitsch,\N
p_29616,William Armstrong,1954-06-06
p_186267,Tristan Tait,1971-08-02
p_84233,Bronson Webb,1983-02-20
p_173470,David Ajala,1986-05-21
p_229504,Ian Pirie,\N
p_207019,Ronan Summers,\N
p_223130,Jeff Albertson,\N
p_214014,Jon Lee Brody,\N
p_185314,Alexander Hathaway,\N
p_225327,Ramses Jimenez,1983-05-10
p_18070,Nicky Katt,1970-05-11
p_230822,John Turk,1962-03-13
p_189573,Erik A. Williams,1988-12-10
p_1833,Jamie Sives,1973-08-14
p_1643,Adrian Rawlins,1958-03-27
p_1834,Shirley Henderson,1965-11-24
p_1835,Lisa McKinlay,\N
p_1836,Julia Davis,1966-08-25
p_1837,Susan Vidler,\N
p_1838,Robert McIntosh,\N
p_1839,Lorraine McIntosh,\N
p_1840,Gordon Brown,\N
p_1841,Mhairi Steenbock,\N
p_1842,Andrew Townsley,\N
p_3846,Coral Preston,\N
p_3847,Colin McAllister,\N
p_3848,Owen Gorman,\N
p_1819,Robin Curtis,\N
p_56853,Phil Morris,1959-04-04
p_154703,Scott McGinnis,1958-11-19
p_181260,Robert Hooks,\N
p_1829,Carl Steven,\N
p_1830,Vadia Potenza,\N
p_1831,Stephen Manley,\N
p_1832,Joe W. Davis,\N
p_198740,Paul Sorensen,\N
p_192782,Cathie Shirriff,\N
p_1062,Christopher Lloyd,1938-10-22
p_58559,Stephen Liska,\N
p_14101,John Larroquette,1947-11-25
p_185344,David Cadiente,\N
p_219103,Bob K. Cummings,\N
p_112081,Branscombe Richmond,1955-08-08
p_134488,Phillip R. Allen,\N
p_87232,Jeanne Mori,\N
p_124723,Mario Marcelino,\N
p_51518,Allan Miller,\N
p_185060,Sharon Thomas Cain,\N
p_147264,Conroy Gedeon,\N
p_65568,James Sikking,1934-03-05
p_15860,Miguel Ferrer,1955-02-07
p_3362,Judith Anderson,1897-02-10
p_1844,Til Schweiger,1963-12-19
p_1874,Katja Riemann,1963-11-01
p_1875,Rufus Beck,1957-07-23
p_1876,Kai Wiesinger,1966-04-16
p_1877,Monty Arnold,\N
p_1878,Nico van der Knaap,\N
p_1879,Antonia Lang,\N
p_1880,Judith Reinartz,\N
p_1881,Christof Wackernagel,1951-08-27
p_1882,Martin Armknecht,1962-02-21
p_33550,Horst D. Scheel,1950-06-21
p_3742,Heinrich Schafmeister,1957-03-02
p_3743,Helmut Büchel,\N
p_3744,Horst Peter Reutter,\N
p_3745,Heinz Baumeister,\N
p_3751,Ralf König,1960-08-08
p_1461,George Clooney,1961-05-06
p_1922,Catherine Zeta-Jones,1969-09-25
p_1204,Julia Roberts,1967-10-28
p_1271,Andy Garcia,1956-04-12
p_1893,Casey Affleck,1975-08-12
p_1894,Scott Caan,1976-08-23
p_1900,Shaobo Qin,1982-01-01
p_1897,Bernie Mac,1957-10-05
p_1896,Don Cheadle,1964-11-29
p_1892,Matt Damon,1970-10-08
p_1895,Carl Reiner,1922-03-20
p_4497,Eddie Jemison,1963-01-01
p_827,Elliott Gould,1938-08-29
p_1923,Robbie Coltrane,1950-03-30
p_1924,Jeroen Krabbé,1944-12-05
p_1925,Vincent Cassel,1966-11-23
p_1926,Eddie Izzard,1962-02-07
p_1956,Cherry Jones,1956-11-21
p_3926,Albert Finney,1936-05-09
p_231370,David Sontag,\N
p_88846,Mini Anden,1978-06-07
p_15440,Jared Harris,1961-08-24
p_66560,Craig Susser,\N
p_225104,Nichelle Hines,\N
p_229335,Johan Widerberg,\N
p_41357,Jeroen Willems,1962-11-15
p_164259,Michael Delano,1940-11-26
p_222902,Nasser Faris,\N
p_9283,Candice Azzara,1945-05-18
p_193324,Anne-Solenne Hatte,\N
p_1888,Jerry Weintraub,1937-09-26
p_72054,Martina Stella,1984-11-28
p_8772,Mattia Sbragia,1952-04-17
p_44648,Ana Caterina Morariu,\N
p_73475,Adriano Giannini,1971-05-10
p_1906,Scott L. Schwartz,1959-03-16
p_137450,Giselda Volodi,1959-09-28
p_20669,Mathieu Simonet,1976-05-01
p_153639,Marc Bodnar,\N
p_17052,Topher Grace,1978-07-12
p_96736,Rik Sinkeldam,\N
p_521,Michael J. Fox,1961-06-09
p_1063,Lea Thompson,1961-05-31
p_1065,Thomas F. Wilson,1959-04-15
p_1951,Elisabeth Shue,1963-10-06
p_1072,James Tolkan,1931-06-20
p_1952,Jeffrey Weissman,1958-10-02
p_1953,Casey Siemaszko,1961-03-17
p_1954,Billy Zane,1966-02-24
p_11673,J.J. Cohen,1965-06-22
p_12826,Charles Fleischer,1950-08-27
p_221379,Charles Gherardi,\N
p_68851,Ricky Dean Logan,\N
p_1955,Darlene Vogel,1962-10-25
p_58319,Jason Scott Lee,1966-11-19
p_109,Elijah Wood,1981-01-28
p_1237,Flea,\N
p_109719,Jim Ishida,\N
p_73337,Al White,\N
p_54564,George 'Buck' Flower,\N
p_190336,Tamara Carrera,\N
p_37623,Tracy Dali,1966-09-17
p_1074,Harry Waters Jr.,\N
p_97194,Wesley Mann,\N
p_59196,Joe Flaherty,1941-06-21
p_2459,Freddie,\N
p_23967,Mary Ellen Trainor,1950-07-08
p_1957,Sophie Marceau,1966-11-17
p_1958,Claude Brasseur,1936-07-15
p_1959,Brigitte Fossey,1946-06-15
p_1960,Alexandre Sterling,1966-02-23
p_1969,Denise Grey,1896-09-17
p_1970,Sheila O'Connor,\N
p_1972,Dominique Lavanant,1944-05-24
p_1973,Bernard Giraudeau,1947-06-18
p_1974,Jean-Michel Dupuis,1955-02-02
p_1975,Jacques Ardouin,\N
p_1976,Evelyne Bellego,\N
p_1977,Richard Bohringer,1942-01-16
p_15185,Frédéric de Pasquale,1931-03-28
p_20800,Jean-Pierre Castaldi,1944-10-01
p_19647,Robert Dalban,1903-07-19
p_2193,Alexandra Gonin,\N
p_2021,Jane Wyatt,1910-08-12
p_2022,Catherine Hicks,1951-08-06
p_2647,Robert Ellenstein,\N
p_24046,John Schuck,1940-02-04
p_2112,Brock Peters,1927-07-02
p_7073,Michael Berryman,1948-09-04
p_35157,Jane Wiedlin,1958-05-20
p_231116,Vijay Amritraj,1953-12-14
p_114962,Viola Kates Stimpson,\N
p_105233,Phil Rubenstein,\N
p_101878,John Miranda,\N
p_103010,Alex Henteloff,\N
p_45997,Eve Smith,1905-08-31
p_66194,Raymond Singer,\N
p_133761,Judy Levitt,\N
p_99975,Kirk R. Thatcher,\N
p_206793,Jeff Lester,\N
p_18704,Joe Lando,1961-12-09
p_178469,Newell Tarrant,\N
p_58074,Madge Sinclair,\N
p_2076,David Warner,1941-07-29
p_2077,Laurence Luckinbill,\N
p_2078,Charles Cooper,\N
p_2079,Cynthia Gouw,\N
p_2080,Todd Bryant,\N
p_172633,Spice Williams-Crosby,1952-04-26
p_16066,Rex Holman,1928-11-19
p_2081,George Murdock,1930-06-25
p_7909,Steve Susskind,1942-10-03
p_1791,Harve Bennett,1930-08-17
p_79252,Bill Quinn,\N
p_217787,Melanie Shatner,\N
p_135429,Carey Scott,1965-06-21
p_2090,Kirk Douglas,1916-12-09
p_2091,James Mason,1909-05-15
p_2092,Paul Lukas,1891-05-26
p_2094,Peter Lorre,1904-06-26
p_2096,Robert J. Wilke,1914-05-18
p_2097,Ted de Corsia,1903-09-29
p_2098,Carleton Young,\N
p_2099,J. M. Kerrigan,\N
p_2101,Percy Helton,\N
p_2102,Ted Cooper,\N
p_2109,Kim Cattrall,1956-08-21
p_85795,Leon Russom,1941-12-06
p_2115,Kurtwood Smith,1943-07-03
p_2111,Rosanna DeSoto,1950-09-02
p_2391,Michael Dorn,1952-12-09
p_83790,Paul Rossilli,\N
p_32494,Robert Easton,\N
p_6632,William Morgan Sheppard,1932-08-24
p_106157,Brett Porter,\N
p_15372,Jeremy Roberts,1954-01-01
p_156198,Michael Bofshever,1950-10-12
p_192364,Angelo Tiffe,\N
p_77946,Boris Lee Krutonog,\N
p_2224,Christian Slater,1969-08-18
p_2124,Iman,1955-07-25
p_23389,John Bloom,1944-02-19
p_136101,Jim Boeke,\N
p_33151,Katie Johnston,\N
p_129448,Doug Engalla,\N
p_37250,Matthias Hues,1959-02-14
p_148081,Darryl Henriques,\N
p_175931,David Orange,\N
p_9807,René Auberjonois,1940-06-01
p_41269,John Beck,1943-01-28
p_208377,J.D. Walters,\N
p_1642,Jean-Marc Barr,1960-09-27
p_2165,Rosanna Arquette,1959-08-10
p_1165,Paul Shenar,1936-02-12
p_2166,Sergio Castellitto,1953-08-18
p_2168,Jean Bouise,1929-06-03
p_2170,Marc Duret,1957-09-28
p_2171,Griffin Dunne,1955-06-08
p_2172,Andréas Voutsinas,\N
p_2173,Valentina Vargas,1964-12-31
p_2174,Kimberly Beck,1956-09-01
p_2175,Bruce Guerre-Berthelot,\N
p_2180,Gregory Forstner,\N
p_2181,Claude Besson,\N
p_32368,Pierre Semmler,1943-04-19
p_74231,Marika Gevaudan,\N
p_74232,Jean Rouiller,\N
p_2282,Ben Kingsley,1943-12-31
p_2283,Stanley Tucci,1960-11-11
p_2299,Josh Hartnett,1978-07-21
p_63859,Scott Gibson,\N
p_86422,Oliver Davis,\N
p_41294,Mykelti Williamson,1957-03-04
p_61015,Dorian Missick,1976-01-15
p_2295,Mickey Rourke,1952-09-16
p_2296,Clive Owen,1964-10-03
p_2297,Jessica Alba,1981-04-28
p_5915,Jaime King,1979-04-23
p_1121,Benicio Del Toro,1967-02-19
p_5916,Rosario Dawson,1979-05-09
p_888,Michael Clarke Duncan,1957-12-10
p_6278,Devon Aoki,1982-08-10
p_6279,Alexis Bledel,1981-09-16
p_6280,Powers Boothe,1948-06-01
p_6407,Marley Shelton,1974-04-12
p_6408,Nick Stahl,1979-12-05
p_2139,Makenzie Vega,1994-02-10
p_328,Brittany Murphy,1977-11-10
p_17832,Carla Gugino,1971-08-29
p_8693,Jude Ciccolella,1947-11-30
p_23285,Jeffrey J. Dashnaw,\N
p_20496,Jason Douglas,1973-02-14
p_2478,Tommy Flanagan,1965-07-03
p_162104,Rick Gomez,1972-06-01
p_61847,Ethan Maniquis,\N
p_100565,Clark Middleton,1957-04-13
p_169312,Ethan Rains,1981-02-19
p_83663,Lisa Marie Newmyer,\N
p_17039,Nick Offerman,1970-06-26
p_137184,Marco Perella,\N
p_124238,Randal Reeder,\N
p_162759,Korey Simeone,\N
p_59456,Ken Thomas,\N
p_86647,Arie Verveen,1976-09-28
p_182665,Danny Wynands,\N
p_186295,Emmy Robbin,\N
p_123820,Kelley Robins,\N
p_228957,Katherine Willis,\N
p_16851,Josh Brolin,1968-02-12
p_24045,Joseph Gordon-Levitt,1981-02-17
p_10912,Eva Green,1980-07-05
p_352,Dennis Haysbert,1954-06-02
p_11477,Ray Liotta,1954-12-18
p_12799,Jeremy Piven,1965-07-26
p_36594,Juno Temple,1989-07-21
p_825,Stacy Keach,1941-06-02
p_20982,Marton Csokas,1966-06-30
p_88668,Jamie Chung,1983-04-10
p_184631,Julia Garner,1994-02-01
p_236400,Lady Gaga,1986-03-28
p_57674,Alexa Vega,1988-08-27
p_216376,Bart Fletcher,\N
p_219207,Samuel Davis,\N
p_60674,Alcides Dias,\N
p_55269,Eloise DeJoria,\N
p_61566,Lawrence Varnado,1963-09-13
p_127305,Jimmy Gonzales,\N
p_58942,Will Beinbrink,\N
p_36220,Christian Bowman,\N
p_105269,Holt Boggs,\N
p_238379,Callie Hernandez,1988-05-24
p_228947,David Maldonado,\N
p_230865,Brian Thornton,\N
p_2339,Julia Hummer,1980-04-24
p_2340,Barbara Auer,1959-02-01
p_2341,Richy Müller,1955-09-26
p_2342,Bilge Bingül,\N
p_2343,Katharina Schüttler,1979-10-20
p_2344,Günther Maria Halmer,1943-01-05
p_2345,Rogério Jacques,\N
p_2346,Maria João,\N
p_2347,Vasco Machado,\N
p_2348,Noberto Paula,\N
p_2349,Bernd Tauber,1950-05-07
p_4214,Inka Löwendorf,\N
p_4216,Marc Sönnichsen,\N
p_4217,Ingrit Dohse,\N
p_4218,Henriette Heinze,1973-01-01
p_738,Sean Connery,1930-08-25
p_2367,Helmut Qualtinger,1928-10-08
p_2368,Elya Baskin,1950-08-11
p_2371,Feodor Chaliapin jr.,1905-10-06
p_2372,Ron Perlman,1950-04-13
p_8788,Michael Lonsdale,1931-05-24
p_2370,Volker Prechtel,1941-08-09
p_2376,Urs Althaus,1959-11-30
p_2377,Michael Habeck,1944-04-23
p_21282,William Hickey,1927-09-19
p_14151,Leopoldo Trieste,1917-05-03
p_649,Vernon Dobtcheff,1934-08-14
p_31779,Donald O'Brien,1930-09-15
p_2355,Andrew Birkin,1945-12-09
p_1164,F. Murray Abraham,1939-10-24
p_2373,Lucien Bodard,\N
p_18405,Peter Berling,1934-03-20
p_234974,Fabio Carfora,\N
p_201601,Rolando Fucili,\N
p_84507,Luigi Leoni,\N
p_141834,Armando Marra,\N
p_188604,Francesco Maselli,1930-12-09
p_66166,Kim Rossi Stuart,1969-10-31
p_2375,Lars Bodin-Jorgensen,\N
p_94173,Franco Diogene,\N
p_160024,Gianni Rizzo,\N
p_92841,Pietro Ceccarelli,\N
p_50072,Hans Schödel,\N
p_67190,Peter Welz,\N
p_2387,Patrick Stewart,1940-07-13
p_2388,Jonathan Frakes,1952-08-19
p_2389,Brent Spiner,1949-02-02
p_2390,LeVar Burton,1957-02-16
p_2392,Gates McFadden,1949-03-02
p_2393,Marina Sirtis,1955-03-29
p_2263,Malcolm McDowell,1943-06-13
p_2394,Alan Ruck,1956-07-01
p_56485,Jacqueline Kim,\N
p_3981,Jenette Goldstein,1960-02-04
p_9284,Thomas Kopache,1945-10-17
p_12797,Glenn Morshower,1959-04-24
p_55538,Tim Russ,1956-06-22
p_134060,Tommy Hinkley,1960-05-31
p_21475,John Putch,1961-07-27
p_192911,Michael Mack,\N
p_135417,Dendrie Taylor,\N
p_156242,Patti Yasutake,\N
p_44296,Gwynyth Walsh,1958-01-01
p_15373,Rif Hutton,1962-11-28
p_2719,Brian Thompson,1959-08-28
p_55617,Marcy Goldman,\N
p_171364,Kristopher Logan,\N
p_184431,Gwen Van Dam,\N
p_122302,Kim Braden,\N
p_34199,Thomas Dekker,1987-12-28
p_5006,Madison Eginton,\N
p_107224,Olivia Hack,1983-06-16
p_2395,Whoopi Goldberg,1955-11-13
p_2405,Audrey Tautou,1976-08-09
p_2407,Rufus,1942-12-19
p_2408,Jamel Debbouze,1975-06-18
p_2409,Lorella Cravotta,1958-04-09
p_2410,Serge Merlin,1933-01-01
p_2411,Clotilde Mollet,\N
p_2412,Isabelle Nanty,1962-01-21
p_56466,Dominique Pinon,1955-03-04
p_2414,Artus de Penguern,1957-03-13
p_2415,Yolande Moreau,1953-02-27
p_2416,Urbain Cancelier,1959-08-02
p_2417,Maurice Bénichou,1943-01-23
p_74093,Claude Perron,1966-01-23
p_2505,James Cromwell,1940-01-27
p_1981,Alfre Woodard,1952-11-08
p_2506,Alice Krige,1954-06-28
p_2203,Neal McDonough,1966-02-13
p_41260,Michael Horton,\N
p_171188,Marnie McPhail,\N
p_16180,Robert Picardo,1953-10-27
p_28248,Dwight Schultz,1947-11-24
p_36801,Adam Scott,1973-04-03
p_203113,Jack Shearer,\N
p_210741,Eric Steinberg,\N
p_60232,David Cowgill,\N
p_222929,Scott Haven,\N
p_192142,C.J. Bau,\N
p_90175,Don Stark,1954-07-05
p_196221,Don Fischer,\N
p_214477,Heinrich James,\N
p_30032,Dan Woren,\N
p_99276,Robert Zachar,\N
p_29445,Ethan Phillips,1955-02-08
p_2516,Anthony Zerbe,1936-05-20
p_2517,Donna Murphy,1959-03-07
p_2518,Gregg Henry,1952-05-06
p_22111,Daniel Hugh Kelly,1952-08-10
p_56676,Michael Welch,1987-07-25
p_119369,Mark Deakins,\N
p_78043,Stephanie Niznik,\N
p_98954,Bruce French,1945-07-04
p_115170,Breon Gorman,\N
p_104855,John Hostetter,\N
p_61545,Rick Worthy,1967-03-12
p_151454,Larry Anderson,1952-09-22
p_133553,Jennifer Tung,\N
p_13422,Raye Birk,1943-05-27
p_31716,Peggy Miley,1941-07-05
p_124515,Claudette Nevins,1937-04-10
p_15998,Joseph Ruskin,1924-04-14
p_62124,Zachary Williams,\N
p_40348,Phillip Glasser,1978-10-04
p_54428,Rico Bueno,\N
p_232040,Marti Matulis,\N
p_95288,Tom Morello,\N
p_136634,Michael Munoz,\N
p_2524,Tom Hardy,1977-09-15
p_2525,Shannon Cochran,\N
p_2133,Dina Meyer,1968-12-22
p_52760,Alan Dale,1947-05-06
p_157755,Michael Owen,1964-10-10
p_35317,Kate Mulgrew,1955-04-29
p_89308,Robertson Dean,\N
p_101397,J. Patrick McCormack,\N
p_3033,Wil Wheaton,1972-07-28
p_9032,Bryan Singer,1965-09-17
p_2566,Charles Vanel,1892-08-21
p_2567,Peter van Eyck,1913-07-16
p_2568,Folco Lulli,1912-07-03
p_2569,Véra Clouzot,1913-12-30
p_2570,Antonio Centa,\N
p_2572,Luis De Lima,\N
p_2573,Jo Dest,\N
p_2576,William Tubbs,\N
p_84097,Darío Moreno,\N
p_1733,Nick Nolte,1941-02-08
p_2598,Sophie Okonedo,1968-08-01
p_367,Joaquin Phoenix,1974-10-28
p_2599,Ofentse Modiselle,\N
p_2600,Mathabo Pieterson,\N
p_2601,Neil McCarthy,\N
p_2602,Desmond Dube,\N
p_2603,Hakeem Kae-Kazim,1962-10-01
p_2606,Tony Kgoroge,\N
p_2607,Fana Mokoena,\N
p_2608,Lebo Mashile,\N
p_832,Antonio David Lyons,1971-12-20
p_2609,Leleti Khumalo,\N
p_2610,Kgomotso Seitshohlo,\N
p_2611,Lerato Mokgotho,\N
p_2612,Mosa Kaiser,\N
p_2482,David O'Hara,1965-07-09
p_2613,Lennox Mathabathe,\N
p_2614,Mothusi Magano,\N
p_2615,Noxolo Maqashalala,\N
p_2616,Mirriam Ngomani,\N
p_2617,Cara Seymour,1964-01-06
p_2618,Mduduzi Mabaso,\N
p_2619,Simo Mogwaza,\N
p_2620,Harriet Lenabe,\N
p_11077,John de Lancie,1948-03-20
p_19546,Michael Bell,1938-07-30
p_17782,Colm Meaney,1953-05-30
p_11398,Cary-Hiroyuki Tagawa,1950-09-27
p_25576,Timothy Dang,\N
p_25577,David Erskine,\N
p_25578,Evelyn Guerrero,1949-02-24
p_25579,Chuck Hicks,\N
p_4606,Jimmy Ortega,\N
p_2144,Tobin Bell,1942-08-07
p_2464,Angus Macfadyen,1963-09-21
p_2138,Shawnee Smith,1970-07-03
p_2677,Bahar Soomekh,1975-03-30
p_2680,Donnie Wahlberg,1969-08-17
p_59713,Mpho Koaho,1979-04-22
p_43429,Barry Flatman,1950-01-01
p_2128,Leigh Whannell,1977-01-17
p_2687,Lyriq Bent,1979-07-15
p_150503,J. LaRose,\N
p_223977,Debra McCabe,\N
p_36055,Costas Mandylor,1965-09-03
p_22434,Betsy Russell,1963-09-06
p_44180,Jane Luk,\N
p_51042,Niamh Wilson,1997-03-09
p_79462,Alan Van Sprang,1971-06-19
p_2676,Kim Roberts,\N
p_121338,Brian Paul,\N
p_237826,Zoe Heath,1969-08-14
p_62674,Billy Parrott,\N
p_229536,Dylan Trowbridge,\N
p_2682,Franky G,1965-10-30
p_224303,Nicholas Kaegi,\N
p_238304,Timothy Burd,1955-09-17
p_2681,Erik Knudsen,1988-03-25
p_2683,Glenn Plummer,1961-08-18
p_2684,Emmanuelle Vaugier,1976-06-23
p_2685,Beverley Mitchell,1981-01-22
p_33668,Noam Jenkins,1983-12-31
p_105954,Tony Nappo,\N
p_81159,John Fallon,\N
p_79983,Ho Chow,1956-10-16
p_2726,Brigitte Mira,1910-04-20
p_2727,El Hedi ben Salem,1936-01-01
p_2728,Barbara Valentin,1940-12-15
p_2729,Irm Hermann,1942-10-04
p_2730,Elma Karlowa,1932-03-12
p_2731,Anita Bucher,\N
p_2732,Gusti Kreissl,1904-01-02
p_2733,Doris Mattes,\N
p_2734,Margit Symo,\N
p_2735,Katharina Herberg,\N
p_2740,Lilo Pempeit,1922-10-06
p_2725,Rainer Werner Fassbinder,1945-05-31
p_2742,Karl Scheydt,1940-05-03
p_2743,Peter Gauhe,\N
p_26593,Walter Sedlmayr,1926-01-06
p_112,Cate Blanchett,1969-05-14
p_10959,Shia LaBeouf,1986-06-11
p_5538,Ray Winstone,1957-02-19
p_5049,John Hurt,1940-01-22
p_388,Jim Broadbent,1949-05-24
p_52761,Igor Jijikine,\N
p_82543,Dimitri Diatchenko,1968-04-11
p_91230,Ilia Volok,1965-11-22
p_235128,Emmanuel Todorov,\N
p_174715,Pasha D. Lychnikoff,1967-02-16
p_81335,Andrew Divoff,1955-07-02
p_231519,Joel Stoffer,\N
p_43776,Neil Flynn,1960-11-13
p_129630,V.J. Foster,\N
p_8700,Sasha Spielberg,\N
p_212483,Audi Resendez,\N
p_81827,Helena Barrett,\N
p_233091,Nito Larioza,1971-02-21
p_58210,Ernie Reyes Jr.,\N
p_163660,Jon Valera,\N
p_31479,Kevin Collins,\N
p_21723,Robert Baker,1979-10-15
p_233392,Andre Alexsen,1961-03-18
p_171786,Jon Braver,\N
p_118237,Arnold Chon,\N
p_7052,Adam Kirley,\N
p_172672,Josh Mills,\N
p_76466,Andrew Simms,1965-01-01
p_229899,John H. Tobin,\N
p_2749,James Dean,1931-02-08
p_2769,Natalie Wood,1938-07-20
p_2770,Sal Mineo,1939-01-10
p_2772,Ann Doran,1911-07-28
p_2771,Jim Backus,1913-02-25
p_2775,Corey Allen,1934-06-29
p_2776,William Hopper,1915-01-26
p_2777,Rochelle Hudson,1916-03-06
p_2646,Edward Platt,1916-02-14
p_2779,Steffi Sidney,\N
p_2780,Virginia Brissac,1883-06-11
p_2781,Beverly Long,\N
p_2782,Ian Wolfe,1896-11-04
p_2783,Frank Mazzola,\N
p_2784,Robert Foulk,\N
p_2785,Jack Simmons,\N
p_2787,Nick Adams,1931-07-10
p_2788,Jack Grinnage,\N
p_2789,Clifford Morris,\N
p_2790,Marietta Canty,\N
p_2807,Krystyna Janda,1952-12-18
p_2811,Jacek Lomnicki,\N
p_2812,Michał Tarkowski,\N
p_2815,Piotr Cieslak,\N
p_2816,Wieslaw Wójcik,\N
p_2817,Krystyna Zachwatowicz,1930-05-16
p_2818,Magda Teresa Wójcik,\N
p_2819,Zdzisław Kozień,1924-12-04
p_2820,Dorota Stalińska,1953-06-01
p_2821,Kazimierz Kaczor,\N
p_2822,Ewa Ziętek,\N
p_2823,Andrzej Grąziewicz,1940-06-27
p_2824,Jerzy Moniak,\N
p_2825,Marian Opania,1943-02-01
p_2826,Irena Byrska,\N
p_2827,Wiesława Kosmalska,\N
p_2828,Franciszek Trzeciak,\N
p_2829,Andrzej Seweryn,1946-04-25
p_2830,Marek Kondrat,1950-10-18
p_2832,Maja Komorowska,1937-12-23
p_2833,Janusz Zaorski,\N
p_2834,Wojciech Alaborski,\N
p_2835,Tatiana Sosna Sarno,1954-09-16
p_2895,Emil Jannings,1884-07-23
p_2896,Marlene Dietrich,1901-12-27
p_2897,Kurt Gerron,1897-05-11
p_2898,Rosa Valetti,1878-03-17
p_2899,Hans Albers,1891-09-22
p_2903,Reinhold Bernt,1902-12-19
p_2904,Eduard von Winterstein,1871-06-01
p_2905,Hans Roth,\N
p_2906,Rolf Müller,\N
p_2907,Roland Varno,1908-03-15
p_2908,Carl Balhaus,\N
p_2910,Robert Klein Lörk,\N
p_2911,Charles Puffy,\N
p_2912,Wilhelm Diegelmann,1861-01-01
p_2913,Gerhard Bienert,1898-01-08
p_2914,Ilse Fürstenberg,1907-12-12
p_3000,Werner Krauß,1884-06-23
p_3001,Conrad Veidt,1893-01-22
p_3003,Friedrich Fehér,1889-03-16
p_3005,Lil Dagover,1887-09-30
p_3007,Hans Heinrich von Twardowski,1898-05-05
p_1158,Al Pacino,1940-04-25
p_3085,James Caan,1940-03-26
p_3086,Richard S. Castellano,1933-09-04
p_3088,Sterling Hayden,1916-03-26
p_3090,Richard Conte,1910-03-24
p_3091,Al Lettieri,1928-02-24
p_3092,Diane Keaton,1946-01-05
p_3094,Talia Shire,1946-04-25
p_3095,Gianni Russo,1943-12-12
p_3096,John Cazale,1935-08-12
p_3142,John Marley,1907-10-17
p_3143,Rudy Bond,1912-10-10
p_3144,Al Martino,\N
p_3145,Simonetta Stefanelli,1954-11-30
p_3413,Victor Rendina,\N
p_3414,Tony Giorgio,\N
p_236076,Morgana King,1930-06-04
p_20752,Alex Rocco,1936-02-29
p_380,Robert De Niro,1943-08-17
p_3171,Lee Strasberg,1901-11-17
p_3172,Michael V. Gazzo,1923-04-05
p_3174,Richard Bright,1937-06-28
p_3279,Francesca De Sapio,1945-08-16
p_3280,Oreste Baldini,\N
p_3281,Gastone Moschin,1929-06-08
p_3333,Giuseppe Sillato,\N
p_1769,Sofia Coppola,1971-05-14
p_3265,Eli Wallach,1915-12-07
p_3266,Joe Mantegna,1947-11-13
p_3267,George Hamilton,1939-08-12
p_2233,Bridget Fonda,1964-01-27
p_3268,Raf Vallone,1916-02-17
p_3269,Franc D'Ambrosio,\N
p_3317,Takeshi Kitano,1947-01-18
p_13275,Tadanobu Asano,1973-11-27
p_13276,Michiyo Ookusu,\N
p_13277,Gadarukanaru Taka,\N
p_13278,Daigorō Tachibana,\N
p_13280,Yui Natsukawa,1968-06-01
p_13281,Ittoku Kishibe,\N
p_13282,Saburo Ishikura,\N
p_13283,Akira Emoto,1948-11-03
p_13257,Yuuko Daike,\N
p_3397,Dejan Čukić,1966-11-25
p_3398,Kim Bodnia,1965-04-12
p_3399,Brian Patterson,1947-12-08
p_3400,Trine Dyrholm,1972-04-15
p_40301,Tomas Villum Jensen,1971-04-12
p_3402,Line Kruse,1975-08-03
p_3407,Søren Sætter-Lassen,\N
p_3408,Lester Wiese,\N
p_3409,Lasse Lunderskov,\N
p_3410,Preben Harris,\N
p_3411,Slavko Labovic,1962-11-17
p_3412,Martin Spang Olsen,\N
p_80198,Emil Øigaard,\N
p_240562,Erik Holmey,\N
p_3460,Gene Wilder,1933-06-11
p_3461,Jack Albertson,1907-06-16
p_3462,Peter Ostrum,1957-11-01
p_3463,Roy Kinnear,1934-01-08
p_3464,Julie Dawn Cole,\N
p_3467,Leonard Stone,1923-11-03
p_3468,Denise Nickerson,\N
p_3469,Nora Denney,\N
p_3470,Paris Themmen,\N
p_3471,Ursula Reit,\N
p_3473,Diana Sowle,\N
p_3474,Aubrey Woods,\N
p_3475,David Battley,\N
p_3476,Peter Capell,1912-09-03
p_3478,Pat Coombs,\N
p_3617,Günter Meisner,1926-04-18
p_3507,Claude Jade,1948-10-08
p_3508,Delphine Seyrig,1932-04-10
p_3509,Daniel Ceccaldi,1927-07-25
p_3510,Claire Duhamel,1925-09-06
p_3511,Harry-Max,1901-11-23
p_3514,Catherine Lutz,\N
p_3515,Martine Ferrière,\N
p_3516,Serge Rousseau,1930-03-13
p_3517,Paul Pavel,1920-07-17
p_3518,François Darbon,\N
p_3519,Léon Elkenbaum,\N
p_3520,Madeleine Parard,\N
p_3521,France Monteil,\N
p_3522,Carole Noe,\N
p_3523,Roger Trapp,\N
p_3533,Albert Simono,\N
p_3534,Christine Pellé,\N
p_55925,Chantal Banlier,\N
p_21174,Liza Braconnier,\N
p_24610,Martine Brochard,1946-07-02
p_39443,Jacques Rispal,1923-08-01
p_3536,Marie-France Pisier,1944-05-10
p_3537,Rosy Varte,1928-11-22
p_46471,Jean-François Adam,1938-02-14
p_3572,Hiroko Berghauer,1944-04-13
p_3573,Daniel Boulanger,1922-01-24
p_3574,Silvana Blasi,\N
p_3575,Barbara Laage,1920-07-30
p_3577,Claude Véga,\N
p_3579,Danièle Girard,\N
p_3580,Marie Irakane,\N
p_3581,Philippe Léotard,1940-08-28
p_1650,François Truffaut,1932-02-06
p_64925,Billy Kearns,\N
p_35898,Pierre Fabre,1933-10-14
p_35249,Jacques Robiolles,\N
p_70142,Jacques Jouanneau,\N
p_36915,Pierre Maguelon,1933-09-03
p_40586,Christian de Tillière,\N
p_117728,Marie Dedieu,\N
p_162562,Ada Lonati,\N
p_3591,Dani,1944-10-01
p_3592,Dorothée,\N
p_3593,Daniel Mesguich,1952-07-15
p_3594,Julien Bertheau,1910-06-19
p_3595,Jean-Pierre Ducos,1934-12-13
p_3596,Marie Henriau,\N
p_3597,Julien Dubois,\N
p_3783,Brigitte Bardot,1934-09-28
p_3784,Michel Piccoli,1925-12-27
p_3785,Jack Palance,1919-02-18
p_3786,Giorgia Moll,1938-01-14
p_68,Fritz Lang,1890-12-05
p_3540,Raoul Coutard,1924-09-16
p_3776,Jean-Luc Godard,1930-12-03
p_3787,Linda Veras,1939-01-01
p_3808,Liberto Rabal,1975-05-30
p_3809,Francesca Neri,1964-02-10
p_3810,Javier Bardem,1969-03-01
p_3811,José Sancho,\N
p_3812,Pilar Bardem,1939-03-14
p_3813,Álex Angulo,1953-04-12
p_3814,Yael Be,\N
p_3815,Josep Molins,\N
p_3816,Daniel Lanchas,\N
p_3817,María Rosenfeldt,\N
p_3818,Antonio Henares,\N
p_3819,Diego de Paz,\N
p_3821,Emilio Rodríguez,\N
p_3822,Ángela Molina,1955-10-05
p_3829,Jean-Paul Belmondo,1933-04-09
p_3830,Jean Seberg,1938-11-13
p_3831,Jean-Pierre Melville,1917-10-20
p_3832,Henri-Jacques Huet,\N
p_3833,Van Doude,\N
p_3834,Claude Mansard,\N
p_3835,Richard Balducci,\N
p_3836,Roger Hanin,1925-10-20
p_3840,Anna Maria Mühe,1985-07-23
p_3841,Samuel Finzi,1966-01-20
p_15380,Margot Nagel,\N
p_15381,Harald Warmbrunn,1933-06-12
p_3851,Hanna Zetterberg,1973-02-15
p_3852,Dan Håfström,\N
p_3853,Börje Ahlstedt,1939-02-21
p_3854,Lena Nyman,1944-05-23
p_3855,Per Oscarsson,1927-01-28
p_3856,Med Reventberg,\N
p_3857,Allan Edwall,1924-08-25
p_3858,Ulf Isenborg,\N
p_3859,Tommy Körberg,\N
p_3860,Björn Wallde,\N
p_3867,Henry Ottenby,\N
p_3872,Daniel Brühl,1978-06-16
p_3873,Anabelle Lachatte,1972-01-01
p_3874,Patrick Joswig,1975-08-12
p_3875,Ilse Strambowski,\N
p_3876,Michael Schütz,1964-01-01
p_3877,Eno Hunniger,\N
p_3932,Julia Jentsch,1978-02-28
p_3933,Stipe Erceg,1974-10-30
p_3934,Burghart Klaußner,1949-09-13
p_3935,Peer Martiny,1958-12-09
p_3936,Petra Zieser,1958-12-23
p_3937,Laura Schmidt,\N
p_3938,Sebastian Butz,\N
p_3939,Oliver Bröcker,1977-05-11
p_3999,Tom Hulce,1953-12-06
p_4000,Elizabeth Berridge,1962-05-02
p_4001,Simon Callow,1949-06-15
p_4002,Roy Dotrice,1923-05-26
p_4003,Christine Ebersole,1953-02-21
p_4004,Jeffrey Jones,1946-09-28
p_4005,Barbara Bryne,\N
p_2713,Linda Hamilton,1956-09-26
p_820,Edward Furlong,1977-08-02
p_418,Robert Patrick,1958-11-05
p_2716,Earl Boen,1945-11-07
p_3977,Joe Morton,1947-10-18
p_3978,S. Epatha Merkerson,1952-11-28
p_3979,Castulo Guerra,1945-08-24
p_3980,Danny Cooksey,\N
p_3982,Xander Berkeley,1955-12-16
p_115486,Ken Gibbel,\N
p_81345,Robert Winley,\N
p_105780,Peter Schrum,\N
p_27530,Don Lake,1956-11-26
p_98216,Jim Palmer,\N
p_126239,Gwenda Deacon,\N
p_16184,Don Stanton,\N
p_16185,Dan Stanton,\N
p_56459,Colin Patrick Lynch,\N
p_216222,Nikki Cox,1978-06-02
p_8856,DeVaughn Nixon,1984-07-01
p_225969,Tony Simotes,\N
p_221842,Diane Rodriguez,\N
p_105887,Mike Muscat,1952-05-22
p_14329,Dean Norris,1963-04-08
p_16563,Charles A. Tamburro,\N
p_108305,Terrence Evans,1934-06-21
p_230492,Denney Pierce,\N
p_33501,Mark Christopher Lawrence,\N
p_30148,Van Ling,\N
p_42678,Jens Lehmann,1969-11-10
p_42679,Arne Friedrich,\N
p_42680,Philipp Lahm,\N
p_42681,Torsten Frings,\N
p_42682,Michael Ballack,\N
p_42683,Timo Hildebrand,\N
p_42684,Oliver Kahn,1969-06-15
p_4169,Dave Chappelle,1973-08-24
p_4237,Erykah Badu,1971-02-26
p_4238,Common,1972-03-13
p_4239,Mos Def,1973-12-11
p_4240,Bilal,\N
p_4241,Lil' Cease,\N
p_4242,Cody Chestnutt,\N
p_4243,James 'Kamal' Gray,\N
p_4244,Lauryn Hill,\N
p_4245,Leonard 'Hub' Hubbard,\N
p_4246,Wyclef Jean,\N
p_4247,Tiffany Limos,\N
p_4719,Ahmir '?uestlove' Thompson,\N
p_4720,Kanye West,1977-06-08
p_4721,Jill Scott,1972-04-04
p_6913,Ellen Barkin,1954-04-16
p_16302,Bob Einstein,1942-11-20
p_16303,Céline Dion,1968-03-30
p_81254,Michael Mantell,\N
p_160353,Adam Lazarre-White,1969-09-21
p_157159,Soledad St. Hilaire,1950-10-25
p_225463,Olga Sosnovska,\N
p_99328,Luis Chávez,\N
p_96695,Ivar Brogger,1947-01-10
p_231312,Armen Weitzman,\N
p_66524,Noureen DeWulf,1984-02-28
p_91869,Don McManus,1959-11-08
p_6104,Julian Sands,1958-01-04
p_89463,Jon Wellner,1975-07-11
p_19839,David Paymer,1954-08-30
p_52275,Adrian Neil,\N
p_44173,Michael A. Miranda,\N
p_13309,Oprah Winfrey,1954-01-29
p_60573,Angel Oquendo,\N
p_31528,Wayne Pére,\N
p_82226,Joe Chrest,1965-09-15
p_156504,Tim Conlon,\N
p_132191,Ren Urano,\N
p_140821,Michael Harney,\N
p_88866,James DuMont,1965-08-12
p_189112,Austin Priester,\N
p_3283,Margaret Travolta,1969-12-31
p_61078,Jacquie Barnbrook,\N
p_124712,Kasey Mahaffy,\N
p_233180,Jorge Luis Abreu,\N
p_192995,Shae Wilson,\N
p_218105,David Cohen,1957-05-11
p_161499,Kari Hawker,\N
p_233159,Amber Hay,1987-07-27
p_90568,James Martin Kelly,1954-09-06
p_233695,Sean R. Lake,1970-03-14
p_133290,John C. McDonnell,\N
p_221898,David E. Newham,\N
p_197178,Nancy Stelle,\N
p_230551,Tyler Tuione,\N
p_4347,Frank Sinatra,1915-12-12
p_4299,Dean Martin,1917-06-07
p_20156,Sammy Davis Jr.,1925-12-08
p_4353,Peter Lawford,1923-09-07
p_4301,Angie Dickinson,1931-09-30
p_4355,Cesar Romero,1907-02-15
p_4356,Patrice Wymore,\N
p_4361,Joey Bishop,1918-02-03
p_4273,Charlotte Gainsbourg,1971-07-21
p_4274,Miou-Miou,1950-02-22
p_66481,Alain Chabat,1958-11-23
p_4286,Emma de Caunes,1976-09-09
p_4287,Aurélia Petit,1971-04-18
p_4288,Sacha Bourdo,1962-01-08
p_4289,Pierre Vaneck,1931-04-15
p_4290,Stéphane Metzger,\N
p_4291,Alain de Moyencourt,\N
p_4292,Inigo Lezzi,\N
p_4293,Yvette Petit,\N
p_4278,Jean-Michel Bernard,\N
p_4294,Bertrand Delpierre,\N
p_4295,Eric Mariotto,\N
p_44079,Charlotte Rampling,1946-02-05
p_4390,Ludivine Sagnier,1979-07-03
p_4391,Charles Dance,1946-10-10
p_4392,Jean-Marie Lamour,\N
p_4393,Marc Fayolle,\N
p_4394,Mireille Mossé,\N
p_4395,Michel Fau,\N
p_4396,Jean-Claude Lecas,\N
p_4397,Emilie Gavois-Kahn,\N
p_4398,Erarde Forestali,\N
p_4420,Aldo Fabrizi,1905-11-01
p_4421,Anna Magnani,1908-03-07
p_4422,Marcello Pagliero,\N
p_4424,Harry Feist,\N
p_4425,Francesco Grandjacquet,\N
p_4426,Maria Michi,\N
p_4427,Giovanna Galetti,\N
p_4423,Vito Annichiarico,\N
p_5001,Ákos Tolnay,\N
p_5002,Joop van Hulzen,\N
p_5003,Carla Rovere,\N
p_4455,Ulrich Thomsen,1963-12-06
p_4456,Henning Moritzen,\N
p_4457,Thomas Bo Larsen,1963-11-27
p_4461,Helle Dolleris,\N
p_4462,Therese Glahn,\N
p_4463,Klaus Bondam,1963-11-19
p_4464,Bjarne Henriksen,1959-01-18
p_4465,Gbatokai Dakinah,\N
p_4466,Lasse Lunderskov,\N
p_4467,Lars Brygmann,1957-02-17
p_4468,Lene Laub Oksen,\N
p_4469,Linda Laursen,\N
p_4470,John Boas,\N
p_4471,Erna Boas,\N
p_4453,Thomas Vinterberg,1969-05-19
p_4480,Kaj Rasmussen,\N
p_4481,Robert Strandgård,\N
p_4482,Gry Worre Hallberg,\N
p_4529,Sylvie Testud,1971-01-17
p_4530,Tatjana Trieb,1985-08-26
p_4531,Howie Seago,1953-12-05
p_4532,Emmanuelle Laborit,1971-10-18
p_4533,Sibylle Canonica,1957-04-26
p_8798,Matthias Habich,1940-01-12
p_4535,Alexandra Bolz,\N
p_4536,Hansa Czypionka,1958-03-01
p_4537,Doris Schade,1924-05-21
p_4538,Horst Sachtleben,1930-09-24
p_4539,Hubert Mulzer,1944-01-01
p_4540,Birge Schade,1965-02-07
p_4541,Stephan Kampwirth,1967-03-20
p_4542,Lea Mekhméche,\N
p_4543,Laurel Severin,\N
p_4544,Selestina Stanissavijevic,\N
p_4545,Julia Lorbeer,\N
p_4546,Anna Bickhofer,\N
p_118626,Stefan Spreer,1957-10-16
p_4548,Susann Bieling,\N
p_4549,Karin Lehmann,\N
p_4550,Stefan von Moers,\N
p_4551,Marta Rodriguez,\N
p_4552,Jutta Schaad,\N
p_4553,Giora Feidman,\N
p_4554,Ute Cremer,\N
p_4555,Franz Hanfstingl,1941-01-01
p_4592,Tura Satana,1938-07-10
p_4593,Haji,1946-01-24
p_4594,Lorie Williams,\N
p_4595,Susan Bernard,\N
p_4596,Stuart Lancaster,1920-11-30
p_4597,Paul Trinka,\N
p_4598,Dennis Busch,\N
p_4599,Ray Barlow,\N
p_4679,John Furlong,1933-04-14
p_4685,Michael Finn,\N
p_4618,Steffi Kühnert,1963-02-19
p_4619,Gabriela Maria Schmeide,1965-07-10
p_4621,Axel Prahl,1960-03-26
p_4622,Janko Brett,\N
p_4623,Miro De Vittoris,\N
p_4624,Knut Elstermann,\N
p_4625,Carmen Engler,\N
p_4626,Frank Fuhrmann,\N
p_4627,Jens Graßmehl,\N
p_4633,Julia Ziesche,1985-01-01
p_4635,Mirjana Karanović,1957-01-28
p_4636,Luna Mijović,1991-12-02
p_4637,Leon Lučev,1970-01-01
p_4638,Kenan Catic,\N
p_4639,Jasna Beri,\N
p_4640,Dejan Acimovic,\N
p_4641,Bogdan Diklić,1953-08-01
p_4642,Emir Hadzihafisbegovic,\N
p_4643,Ermin Bravo,1979-12-05
p_4644,Semka Sokolovic-Bertok,\N
p_4958,Henry Fonda,1905-05-16
p_4959,Claudia Cardinale,1938-04-15
p_4765,Jason Robards,1922-07-26
p_4960,Charles Bronson,1921-11-03
p_4961,Gabriele Ferzetti,1925-03-17
p_4962,Paolo Stoppa,1906-06-06
p_4963,Woody Strode,1914-07-28
p_4965,Jack Elam,1920-11-13
p_4966,Keenan Wynn,1916-07-27
p_4968,Frank Wolff,1928-05-11
p_4969,Lionel Stander,1908-01-11
p_271932,Livio Andronico,\N
p_55651,Salvatore Basile,\N
p_141205,Aldo Berti,\N
p_271933,Joseph Bradley,\N
p_72888,Frank Braña,\N
p_271934,Marilù Carteny,\N
p_152455,Saturno Cerra,\N
p_92784,Luigi Ciavarro,\N
p_92636,Spartaco Conversi,1916-10-06
p_33819,Bruno Corazzari,1940-12-30
p_271935,Bill Crawley,\N
p_245254,Paolo Figlia,\N
p_127825,John Frederick,\N
p_28167,Don Galloway,\N
p_259496,Michael Martin Harvey,\N
p_14246,Robert Hossein,1927-12-30
p_271936,Stefano Imparato,\N
p_271937,Francesca Leone,\N
p_197369,Raffaella Leone,\N
p_271938,Frank Leslie,\N
p_271939,Luigi Magnani,\N
p_4669,Claudio Mancini,\N
p_163756,Dino Mele,\N
p_141083,Antonio Molino Rojo,\N
p_271940,Enrico Morsella,\N
p_271941,Umberto Morsella,\N
p_108398,Al Mulock,\N
p_32130,Ricardo Palacios,1940-03-02
p_271942,Tullio Palmieri,\N
p_271943,Antonio Palombi,\N
p_129302,Renato Pinciroli,\N
p_167201,Lorenzo Robledo,\N
p_271944,Sandra Salvatori,\N
p_49895,Aldo Sambrell,1931-02-23
p_78932,Conrado San Martín,1921-02-20
p_68331,Enzo Santaniello,\N
p_271945,Simonetta Santaniello,\N
p_141038,Claudio Scarchilli,\N
p_42844,Giovanni Ivan Scratuglia,1942-09-03
p_204651,Robert Spafford,\N
p_4661,Benito Stefanelli,1929-09-02
p_271946,Luana Strode,\N
p_21181,Fabio Testi,1941-08-02
p_271947,Dino Zamboni,\N
p_137493,Marco Zuanelli,\N
p_5563,James Coburn,1928-08-31
p_522,Rod Steiger,1925-04-14
p_5564,Maria Monti,1935-06-26
p_5565,Rik Battaglia,1927-02-18
p_5566,Franco Graziosi,1929-07-10
p_5567,Romolo Valli,1925-02-07
p_5568,Antoine Saint-John,\N
p_5569,Vivienne Chandler,\N
p_5570,David Warbeck,1941-11-17
p_5571,Giulio Battiferri,\N
p_5004,Omar Sharif,1932-04-10
p_6547,Pierre Boulanger,1987-08-08
p_5079,Gilbert Melki,1958-11-12
p_6548,Isabelle Renauld,1966-11-24
p_6549,Lola Naymark,1987-04-05
p_6550,Anne Suarez,\N
p_6551,Mata Gabin,\N
p_6552,Céline Samie,\N
p_6553,Isabelle Adjani,1955-06-27
p_6554,Guillaume Gallienne,1971-02-08
p_6555,Guillaume Rannou,\N
p_6556,Manuel Le Lièvre,\N
p_6557,Daniel Znyk,\N
p_53873,Katrin Saß,1956-10-23
p_4793,Chulpan Khamatova,1975-10-01
p_4794,Maria Simon,1976-02-06
p_4795,Florian Lukas,1973-03-16
p_4796,Alexander Beyer,1973-06-24
p_4797,Christine Schorn,1944-02-01
p_4798,Jürgen Holtz,1932-08-10
p_17373,Jürgen Vogel,1968-04-29
p_17411,Elke Werner,\N
p_1920,Winona Ryder,1971-10-29
p_4800,Gena Rowlands,1930-06-19
p_4801,Lisanne Falk,1965-01-01
p_4802,Alan Randolph Scott,\N
p_4803,Anthony Portillo,\N
p_4808,Giancarlo Esposito,1958-04-26
p_4810,Rosie Perez,1964-09-06
p_4811,Richard Boes,\N
p_4812,Isaach De Bankolé,1957-08-12
p_4813,Béatrice Dalle,1964-12-19
p_4814,Pascal N'Zonzi,1951-01-01
p_4815,Emile Abossolo M'bo,\N
p_4816,Noel Kaufmann,\N
p_4817,Stéphane Boucher,\N
p_4818,Roberto Benigni,1952-10-27
p_4819,Paolo Bonacelli,1939-02-28
p_4820,Gianni Schettino,\N
p_4821,Antonio Ragusa,\N
p_4822,Nicola Facondo,\N
p_4823,Camilla Begnoni,\N
p_4824,Romolo Di Biasi,\N
p_4825,Donatella Servadio,\N
p_4827,Kari Väänänen,\N
p_4829,Tomi Salmela,\N
p_4830,Eija Vilpas,\N
p_4831,Jaakko Talaskivi,\N
p_4832,Klaus Heydemann,\N
p_12647,Armin Mueller-Stahl,1930-12-17
p_4885,Emmanuelle Béart,1963-08-14
p_4886,Norman Reedus,1969-01-06
p_4887,Joe Grifasi,1944-06-14
p_4888,Lily Rabe,1982-06-29
p_4889,Kim Director,1974-11-13
p_4890,Brian Tarantina,1959-03-27
p_4891,Patrick Collins,\N
p_4892,Chuck Cooper,\N
p_4893,Clem Cheung,\N
p_1037,Harvey Keitel,1939-05-13
p_5201,Robert Stadlober,1982-10-03
p_5202,Kostja Ullmann,1984-05-30
p_5203,Alicja Bachleda-Curuś,1983-05-12
p_5204,Jürgen Tonkel,1962-08-23
p_5206,Miriam Morgenstern,1987-05-20
p_5207,Marlon Kittel,1983-12-11
p_5208,Hanno Koffler,1980-03-25
p_5209,Joseph M'Barek,\N
p_5210,Alexa Surholt,\N
p_5211,Jeff Fischer,\N
p_5212,Michael Wiesner,\N
p_5213,Benjamin Vilzmann,\N
p_5214,Ludwig Blochberger,1982-12-03
p_7453,Takashi Shimura,1905-03-12
p_20828,Yoshio Inaba,1920-07-15
p_20829,Seiji Miyaguchi,1913-11-15
p_7454,Minoru Chiaki,1917-07-30
p_7457,Daisuke Katô,1911-02-18
p_20830,Isao Kimura,1923-06-22
p_20831,Keiko Tsushima,\N
p_7450,Toshirô Mifune,1920-04-01
p_5033,Erwin Splettstößer,\N
p_5034,Brigitte Borchert,\N
p_5035,Wolfgang von Waltershausen,\N
p_5036,Christl Ehlers,\N
p_5037,Annie Schreyer,\N
p_5038,Valeska Gert,1892-01-11
p_5039,Heinrich Gretler,1897-10-01
p_5040,Ernö Verebes,\N
p_4139,Tom Skerritt,1933-08-25
p_10205,Sigourney Weaver,1949-10-08
p_5047,Veronica Cartwright,1949-04-20
p_5048,Harry Dean Stanton,1926-07-14
p_5050,Yaphet Kotto,1939-11-15
p_5051,Bolaji Badejo,\N
p_5099,Andreas Müller,\N
p_5100,Ilka Welz,\N
p_5101,Anett Dornbusch,\N
p_5102,Erika Lemke,\N
p_5103,Markus Werner,\N
p_5104,Doritha Richter,\N
p_5105,Detlef Baumann,\N
p_5106,Ilse Lausch,\N
p_5107,Harald Kuchenbecker,\N
p_5108,Jan Günzel,\N
p_5109,Bernd Liske,\N
p_5110,Bernd Wachsmuth,\N
p_5111,Hartmut Schliephacke,\N
p_5112,Viola Hoffman,\N
p_5113,Petra Lemke,\N
p_5114,Petra Müller,\N
p_5115,Christa Wachsmuth,\N
p_5116,Karin Wachsmuth,\N
p_5117,Birol Ünel,1961-08-18
p_5118,Sibel Kekilli,1980-06-16
p_5119,Catrin Striebeck,1966-04-18
p_5120,Güven Kiraç,1960-01-01
p_5121,Meltem Cumbul,1969-11-05
p_5122,Stefan Gebelhoff,1964-01-01
p_5123,Demir Gökgöl,\N
p_5124,Cem Akin,1970-01-01
p_5134,Aysel Iscan,\N
p_116792,Hermann Lause,1939-02-07
p_2232,Michael Keaton,1951-09-05
p_518,Danny DeVito,1944-11-17
p_1160,Michelle Pfeiffer,1958-04-29
p_4690,Christopher Walken,1943-03-31
p_3796,Michael Gough,1916-11-23
p_4776,Michael Murphy,1938-05-05
p_5130,Cristi Conaway,1964-08-14
p_52366,Andrew Bryniarski,1969-02-13
p_3798,Pat Hingle,1924-07-19
p_3418,Vincent Schiavelli,1948-11-11
p_231447,Steve Witting,\N
p_189109,Jan Hooks,\N
p_33011,Rick Zumwalt,\N
p_27570,Anna Katarina,\N
p_44178,Gregory Scott Cummins,\N
p_145962,Travis McKenna,1960-07-18
p_17005,Doug Jones,1960-05-24
p_90409,Pee Wee Herman,1952-08-27
p_5131,Diane Salinger,1951-01-25
p_9996,Sean Whalen,1964-05-19
p_32593,Steven Brill,1962-05-27
p_75018,Neal Lerner,\N
p_5579,Elizabeth Sanders,\N
p_2068,Henry Kingi,1943-12-02
p_124820,Joan Giammarco,\N
p_1916,Biff Yeager,\N
p_15251,Robert Gossett,1954-03-03
p_140283,Bobby Bell,\N
p_19756,Margarita Fernández,\N
p_33853,Felix Silla,1937-01-11
p_19753,Debbie Lee Carrington,1959-12-14
p_52903,Anthony De Longis,1950-03-23
p_230627,Mark Taormino,1969-09-09
p_5139,Robert Englund,1947-06-06
p_5141,Heather Langenkamp,1964-07-17
p_13652,Ronee Blakley,1945-08-24
p_11163,John Saxon,1935-08-05
p_13656,Amanda Wyss,1960-11-24
p_13657,Jsu Garcia,1963-10-06
p_117660,Joseph Whipp,1941-07-12
p_7401,Lin Shaye,1943-10-12
p_13661,Joe Unger,\N
p_13662,Mimi Craven,\N
p_5218,Doug Cooeyate,\N
p_5219,Sam Downey,\N
p_5220,Nyla McCarthy,\N
p_5221,Ray Monge,\N
p_5222,Robert Lee Pitchlynn,\N
p_5223,Tim Streeter,\N
p_920,Jürgen Prochnow,1941-06-10
p_5228,Herbert Grönemeyer,1956-04-12
p_5229,Klaus Wennemann,1940-12-18
p_5230,Hubertus Bengsch,\N
p_4924,Martin Semmelrogge,1955-12-08
p_3970,Erwin Leder,1951-07-30
p_5232,Martin May,1961-04-21
p_5233,Heinz Hoenig,1951-09-24
p_5234,Claude-Oliver Rudolph,1956-11-30
p_5235,Jan Fedder,1955-01-14
p_4922,Ralf Richter,1957-08-17
p_1936,Martin Balsam,1919-11-04
p_5247,John Fiedler,1925-02-03
p_5248,Lee J. Cobb,1911-12-08
p_5249,E.G. Marshall,1914-06-18
p_5250,Jack Klugman,1922-04-27
p_2651,Ed Binns,1916-09-12
p_5251,Jack Warden,1920-09-18
p_5252,Joseph Sweeney,1884-07-26
p_39816,Ed Begley,1901-03-25
p_5254,George Voskovec,1905-06-19
p_5255,Robert Webber,1924-10-14
p_5256,James Kelly,\N
p_5257,Billy Nelson,\N
p_5258,John Savoca,\N
p_5266,Rüdiger Vogler,1942-05-14
p_5274,Patrick Bauchau,1938-12-06
p_5275,Vasco Sequeira,\N
p_5276,Joel Cunha Ferreira,\N
p_5277,Sofia Bénard da Costa,\N
p_5278,Vera Cunha Rocha,\N
p_5279,Elisabete Cunha Rocha,\N
p_5280,Ricardo Colares,\N
p_190,Clint Eastwood,1930-05-31
p_16309,Marianne Koch,1931-08-19
p_16310,Wolfgang Lukschy,1905-10-19
p_16311,José Calvo,1916-03-03
p_14276,Gian Maria Volontè,1933-04-09
p_16312,Sieghardt Rupp,1931-06-14
p_16313,Antonio Prieto,\N
p_16314,Margarita Lozano,1931-02-14
p_51003,Joseph Egger,1889-02-22
p_16316,Daniel Martín,1935-05-12
p_16317,Bruno Carotenuto,\N
p_16318,Mario Brega,1923-03-05
p_30044,Bo Svenson,1941-02-13
p_83268,Shana Stein,\N
p_90652,Caitlin Keats,1972-09-26
p_2231,Samuel L. Jackson,1948-12-21
p_152076,Reda Beebe,\N
p_5695,Sid Haig,1939-07-14
p_34721,Larry Bishop,\N
p_83272,Laura Cayouette,1964-07-11
p_123818,Helen Kim,\N
p_6585,Perla Haney-Jardine,1997-07-17
p_60463,Thea Rose,\N
p_65908,Stevo Polyi,\N
p_193266,Gary Rodriguez,1961-03-24
p_5496,Mehmet Kurtuluş,1972-04-27
p_5497,Aleksandar Jovanovic,1971-05-04
p_5498,Adam Bousdoukos,1974-01-25
p_5499,Regula Grauwiller,1970-12-10
p_5500,Idil Üner,1971-08-01
p_1856,Ralph Herforth,1960-01-15
p_5554,Oscar Ortega Sánchez,1962-01-01
p_5599,Mustafa Enver Akin,\N
p_5600,Marc Hosemann,1970-08-20
p_5460,Adriana Caselotti,\N
p_5461,Eddie Collins,1883-01-30
p_5462,Pinto Colvig,1918-03-09
p_5463,Marion Darlington,\N
p_5464,Billy Gilbert,1894-09-12
p_5465,Otis Harlan,\N
p_5457,Roy Atwell,\N
p_5467,Leigh Harline,\N
p_5510,Inka Friedrich,1965-11-01
p_5511,Nadja Uhl,1972-05-23
p_5512,Andreas Schmidt,1963-11-23
p_87684,Stephanie Schönfeld,1978-01-01
p_5514,Vincent Redetzki,1992-04-01
p_5515,Christel Peters,1916-01-15
p_5516,Kurt Radeke,\N
p_5517,Hannes Stelzer,\N
p_5518,Barbara Bachmann,\N
p_5522,Traute Höss,\N
p_5523,Veit Schubert,\N
p_5589,John Glover,1944-08-07
p_5590,Elle Macpherson,1964-03-29
p_5577,Chris O'Donnell,1970-06-26
p_5588,Alicia Silverstone,1976-10-04
p_66813,Jeep Swenson,\N
p_80485,John Fink,1940-02-11
p_230738,Michael Reid MacKay,1953-06-24
p_27564,Eric Lloyd,1986-05-19
p_200954,Christian Boeving,\N
p_214552,Stogie Kenyatta,\N
p_128749,Joe Sabatino,\N
p_17355,Michael Paul Chan,1950-06-26
p_1984,Kimberly Scott,1961-12-11
p_63935,Alex Daniels,\N
p_169737,Peter Navy Tuiasosopo,\N
p_58655,Harry Van Gorkum,\N
p_32291,Sandra Taylor,\N
p_83304,Elizabeth Guber,\N
p_20581,Jack Betts,1937-11-12
p_43515,Mark Leahy,\N
p_42978,Jim McMullan,\N
p_942,Ralf Moeller,1959-01-12
p_6806,Doug Hutchison,1960-05-26
p_231495,Tobias Jelinek,\N
p_79527,Greg Lauren,\N
p_96943,Dean Cochran,1969-03-18
p_35549,Coolio,1963-08-01
p_44052,John Ingle,1928-05-07
p_145057,Michael Bernardo,\N
p_214664,Todd Grossman,\N
p_63942,Julie Michaels,\N
p_5644,Alexandra Maria Lara,1978-11-12
p_5645,Anke Engelke,1965-12-21
p_5646,Justus von Dohnányi,1960-12-02
p_5647,Marily Milia,\N
p_5648,Harald Schmidt,1957-08-18
p_5649,Christoph Maria Herbst,1966-02-09
p_5650,Richard Beek,\N
p_5676,Marcello Mastroianni,1924-09-28
p_5682,Anouk Aimée,1932-04-27
p_5683,Sandra Milo,1933-03-11
p_5684,Rossella Falk,1926-11-10
p_5685,Barbara Steele,1937-12-29
p_4116,Madeleine LeBeau,1923-06-10
p_5686,Caterina Boratto,1915-03-15
p_5687,Eddra Gale,\N
p_5688,Guido Alberti,1909-04-20
p_5765,Adrienne Servantie,1907-05-25
p_5766,Lucien Frégis,1904-07-05
p_5767,Betty Schneider,1934-01-01
p_5768,Jean-François Martial,1891-09-12
p_5769,Dominique Marie,\N
p_5770,Yvonne Arnaud,1890-12-20
p_5771,Adelaide Danieli,\N
p_5772,Alain Bécourt,\N
p_5773,Régis Fontenay,\N
p_5763,Jacques Tati,1907-10-09
p_5764,Jean-Pierre Zola,1916-05-02
p_5755,Robert Seeliger,1966-10-13
p_5756,Peter Davor,1963-07-03
p_5757,Svea Lohde,\N
p_5758,Lucas Kotaranin,\N
p_5759,Nicole Marischka,1968-05-06
p_5760,Gabor Altorjay,\N
p_5761,Michael Benthin,\N
p_4078,Lee Van Cleef,1925-01-09
p_5813,Aldo Giuffrè,1924-04-10
p_5814,Luigi Pistilli,1929-07-19
p_5815,Rada Rassimov,1938-01-01
p_5816,John Bartha,1920-01-01
p_5817,Livio Lorenzon,1923-05-06
p_5818,Antonio Casale,1936-01-01
p_5819,Angelo Novi,\N
p_5843,José Terrón,\N
p_5847,David Kross,1990-07-04
p_87812,Jenny Elvers-Elbertzhagen,1972-05-11
p_5848,Erhan Emre,1978-09-04
p_5849,Oktay Özdemir,1986-01-01
p_5850,Kida Ramadan,1976-10-08
p_5851,Arnel Taci,1986-01-01
p_5852,Kai Müller,\N
p_5853,Hans Löw,1976-01-01
p_5854,Jan Henrik Stahlberg,1970-12-30
p_5855,Sinan Akdeniz,\N
p_5856,Ali-Kemal Akyaz,\N
p_5857,Peter Bucksch,\N
p_5858,Hassan Charour,\N
p_5859,Roland Florstedt,\N
p_5860,Stephan Grossmann,1971-09-02
p_5861,Rebecca Hessing,\N
p_5862,Bernhard Howe,\N
p_5863,Franziska Jünger,1984-10-04
p_7161,Eva Löbau,1972-04-26
p_48480,Stefan Konarske,1980-02-28
p_48481,Fabian Krüger,\N
p_5887,Catalina Sandino Moreno,1981-04-19
p_5890,Virgina Ariza,\N
p_5891,Yenny Paola Vega,\N
p_5893,Rodrigo Sánchez Borhorquez,\N
p_5895,Charles Albert Patiño,\N
p_5896,Wilson Guerrero,\N
p_5898,Johanna Andrea Mora,\N
p_5899,Evangelina Morales,\N
p_5874,Jaime Osorio Gómez,\N
p_5902,Guilied Lopez,\N
p_5903,Victor Macias,\N
p_5905,Hugo Ferro,\N
p_5906,Ana Maria Acosta,\N
p_5972,John Álex Toro,\N
p_5973,Patricia Rae,\N
p_5977,Niklas Ulfvarson,\N
p_5978,Max Enderfors,\N
p_5979,Tommy Vallikari,\N
p_5980,Andreas af Enehjelm,\N
p_5998,Jarmo Mäkinen,\N
p_6000,Tarja-Tuulikki Tarsala,\N
p_6001,Björn Kjellman,1963-06-04
p_6002,Göran Forsmark,1955-02-04
p_6003,Lisa Lindgren,1968-06-03
p_6004,Sten Ljunggren,\N
p_6005,Annika Marklund,\N
p_6012,Daniel Auteuil,1950-08-24
p_6014,Annie Girardot,1931-10-25
p_6015,Bernard Le Coq,1950-09-25
p_6016,Walid Afkir,\N
p_6017,Lester Makedonsky,\N
p_6018,Daniel Duval,1944-11-28
p_6019,Nathalie Richard,1963-01-06
p_6020,Denis Podalydès,1963-04-22
p_6021,Aïssa Maïga,1975-05-25
p_6022,Caroline Baehr,\N
p_6023,Christian Benedetti,\N
p_6024,Loic Brabant,\N
p_6079,Ivan Shvedoff,1969-01-01
p_6080,Sergej Frolov,\N
p_6081,Anna Janovskaja,\N
p_6082,Sebastian Urzendowsky,1985-05-18
p_6083,Alice Dwyer,1988-01-01
p_6084,Martin Kiefer,1983-10-17
p_6085,Tom Jahn,1965-01-01
p_6086,Devid Striesow,1973-10-01
p_6087,Claudia Geisler,1965-11-30
p_6088,Aleksandra Justa,\N
p_6089,Marysia Zamachowska,\N
p_6090,Janek Rieke,1971-04-23
p_6091,August Diehl,1976-01-04
p_6092,Julia Krynke,1979-11-20
p_6093,Henry Hübchen,1947-02-20
p_6120,Bodil Jørgensen,1961-03-03
p_6121,Jens Albinus,1965-01-03
p_6122,Anne Louise Hassing,\N
p_6123,Troels Lyby,1966-10-15
p_6124,Louise Mieritz,1971-04-30
p_6125,Henrik Prip,\N
p_6126,Luis Mesonero,\N
p_6127,Knud Romer Jørgensen,\N
p_6128,Trine Michelsen,\N
p_6129,Anne-Grethe Bjarup Riis,\N
p_6130,Erik Wedersøe,\N
p_6131,Michael Moritzen,\N
p_6132,Jan Elle,\N
p_6133,Claus Strandberg,\N
p_6134,Jens Jørn Spottag,1957-12-13
p_6135,John Martinus,\N
p_6136,Lars Bjarke,\N
p_6137,Ewald Larsen,\N
p_6138,Christian Friis,\N
p_6139,Louise B. Clausen,\N
p_6140,Hans Henrik Clemensen,\N
p_6141,Lone Lindorff,\N
p_6142,Erno Müller,\N
p_6143,Regitze Estrup,\N
p_6144,Lotte Munk Fure,\N
p_6145,Marina Bouras,\N
p_6193,Leonardo DiCaprio,1974-11-11
p_6194,Claire Danes,1979-04-12
p_5723,John Leguizamo,1964-07-22
p_6195,Harold Perrineau,1963-08-07
p_4935,Pete Postlethwaite,1946-02-07
p_7004,Paul Sorvino,1939-04-13
p_6197,Brian Dennehy,1938-07-09
p_6198,Vondie Curtis-Hall,1950-09-30
p_6199,Miriam Margolyes,1941-05-18
p_6200,Diane Venora,1952-08-10
p_6212,Zak Orth,1970-10-15
p_6213,Jamie Kennedy,1970-05-25
p_6066,Dash Mihok,1974-05-24
p_1983,Vincent Laresca,1974-01-21
p_6214,Edwina Moore,\N
p_6215,Paul Rudd,1969-04-06
p_6216,Parminder Nagra,1975-10-05
p_1244,Jonathan Rhys Meyers,1977-06-27
p_6217,Anupam Kher,1955-03-07
p_6218,Shaheen Khan,\N
p_6219,Archie Panjabi,1972-05-31
p_6238,Juliet Stevenson,1956-10-30
p_6239,Ameet Chana,\N
p_6250,Romy Schneider,1938-09-23
p_6251,Karlheinz Böhm,1928-03-16
p_6252,Magda Schneider,1905-05-17
p_6255,Vilma Degischer,1911-11-17
p_6254,Gustav Knuth,1901-07-07
p_6809,Walter Reyer,1922-09-04
p_6256,Josef Meinrad,1913-04-21
p_6810,Senta Wengraf,1924-05-10
p_6257,Erich Nikowitz,1906-02-20
p_6811,Hans Ziegler,\N
p_6253,Uta Franz,1935-09-19
p_6815,Sonia Sorel,\N
p_6816,Klaus Knuth,\N
p_6263,Hannelore Elsner,1942-07-26
p_6264,Udo Samel,1953-06-25
p_6265,Golda Tencer,\N
p_6266,Steffen Groth,1974-09-16
p_6267,Anja Franke,1964-09-17
p_6268,Sebastian Blomberg,1972-05-24
p_6269,Elena Uhlig,1975-07-31
p_6270,Rolf Hoppe,1930-12-06
p_6271,Inga Busch,1968-01-25
p_6272,Antonia Adamik,\N
p_69961,Jurij Rosstalnyj,1960-04-30
p_6283,Michael Nyqvist,1960-11-08
p_6285,Frida Hallgren,1974-12-16
p_6286,Helen Sjöholm,1970-07-10
p_6287,Lennart Jähkel,1956-09-27
p_6288,Ingela Olsson,\N
p_6289,Verena Buratti,\N
p_6290,Ulla-Britt Norrman-Olsson,\N
p_6291,Per Morberg,\N
p_6292,Barbro Kollberg,\N
p_6294,Niklas Falk,\N
p_6296,Axelle Axell,\N
p_6297,Lasse Petterson,\N
p_6298,Ylva Lööf,\N
p_6301,Mikael Rahm,1957-05-15
p_6327,André Sjöberg,\N
p_6416,Polly Walker,1966-05-19
p_6419,Ida Jablonska,\N
p_6420,Bartek Pieniazek,\N
p_6421,Wojciech Brzezinski,\N
p_6432,Sean Gullette,\N
p_1173,Mark Margolis,1939-11-26
p_6437,Ben Shenkman,1968-09-26
p_6438,Stephen Pearlman,\N
p_6439,Samia Shoaib,\N
p_1982,Ajay Naidu,1972-02-12
p_6440,Kristyn Mae-Anne Lao,\N
p_6441,Espher Lao Nieves,\N
p_6523,Juan José Ballesta,1987-11-12
p_6534,Jesús Carroza,\N
p_6535,Antonio Dechent,1960-02-16
p_6536,Loles León,1950-08-01
p_6537,Muriel,\N
p_6538,Paz Padilla,\N
p_6539,Alba Rodríguez,\N
p_6540,Vicente Romero,\N
p_2157,Robin Williams,1951-07-21
p_880,Ben Affleck,1972-08-15
p_1640,Stellan Skarsgård,1951-06-13
p_6613,Minnie Driver,1970-01-31
p_6614,Cole Hauser,1975-03-22
p_6615,John Mighton,\N
p_6616,Rachel Majorowski,\N
p_6617,Colleen McCauley,\N
p_6618,Matt Mercier,\N
p_6619,Ralph St. George,\N
p_6620,Rob Lynds,\N
p_6621,Dan Washington,\N
p_2841,Alison Folland,1978-08-10
p_6622,Derrick Bridgeman,\N
p_6623,Vik Sahay,1971-01-01
p_136127,Steven Kozlowski,\N
p_93544,Scott William Winters,\N
p_125605,Philip Williams,\N
p_43254,Kevin Rushton,\N
p_58451,George Plimpton,\N
p_147317,Barna Moricz,\N
p_44103,Richard Fitzpatrick,\N
p_124090,Frank Nakashima,\N
p_37981,Christopher Britton,1960-01-01
p_150333,David Eisner,\N
p_44179,Bruce Hunter,1961-01-01
p_4572,James Allodi,\N
p_130022,Christian Harmony,\N
p_51918,Harmony Korine,1974-01-04
p_6649,Gunnar Björnstrand,1909-11-13
p_2201,Max von Sydow,1929-04-10
p_6656,Bengt Ekerot,1920-02-08
p_6657,Bibi Andersson,1935-11-11
p_6658,Nils Poppe,1908-05-31
p_6659,Inga Gill,\N
p_6660,Maud Hansson,1937-12-05
p_6661,Inga Landgré,1927-08-06
p_6662,Gunnel Lindblom,1931-12-18
p_6663,Bertil Anderberg,\N
p_6664,Anders Ek,\N
p_6665,Åke Fridell,1919-06-23
p_6666,Gunnar Olsson,\N
p_6667,Erik Strandmark,\N
p_6670,Ioannis Tsialas,\N
p_6671,Toni Osmani,1985-05-08
p_6672,Barbara Rudnik,1958-07-27
p_6673,Renate Becker,1935-03-17
p_6674,Julia Dietze,1981-01-09
p_6730,Sacha Baron Cohen,1971-10-13
p_6734,Ken Davitian,1953-06-19
p_6735,Luenell,1959-03-12
p_6736,Pamela Anderson,1967-07-01
p_31,Tom Hanks,1956-07-09
p_5149,Bonnie Hunt,1961-09-22
p_2169,Michael Jeter,1952-08-26
p_6804,Graham Greene,1952-06-22
p_1276,Patricia Clarkson,1959-12-29
p_6805,Dabbs Greer,1917-04-02
p_33,Gary Sinise,1955-03-17
p_6807,Sam Rockwell,1968-11-05
p_7565,Corinne Marchand,1937-12-04
p_7566,Antoine Bourseiller,\N
p_7568,Dominique Davray,1919-01-27
p_173709,Dorothée Blanck,1934-02-24
p_10934,Michel Legrand,1932-02-24
p_1942,José Luis de Vilallonga,1920-01-29
p_7107,Daniel Olbrychski,1945-02-27
p_7108,Wojciech Pszoniak,1942-05-02
p_7109,Kalina Jedrusik,\N
p_7110,Anna Nehrebecka,\N
p_7111,Bozena Dykiel,1948-08-26
p_7112,Andrzej Szalawski,1911-12-04
p_7113,Stanislaw Igar,1918-07-14
p_7114,Franciszek Pieczka,1928-01-18
p_7115,Kazimierz Opalinski,\N
p_7116,Andrzej Lapicki,\N
p_7117,Wojciech Siemion,\N
p_7118,Tadeusz Bialoszczynski,\N
p_7120,Piotr Fronczewski,1946-06-08
p_7121,Jerzy Zelnik,1945-09-14
p_9631,Carel Struycken,1948-07-30
p_15796,Phoebe Augustine,\N
p_15863,Don S. Davis,1942-08-04
p_11794,Frances Bay,1919-01-23
p_16423,Austin Jack Lynch,\N
p_15891,Catherine E. Coulson,1943-10-22
p_15799,Lenny von Dohlen,1958-12-22
p_15839,Al Strobel,\N
p_7317,Peter Sallis,1921-02-01
p_7319,Nicholas Smith,\N
p_7320,Liz Smith,1921-12-11
p_7321,John Thomson,1969-04-02
p_7322,Mark Gatiss,1966-10-17
p_7323,Vincent Ebrahim,1951-12-06
p_7325,Edward Kelsey,\N
p_7326,Dicken Ashworth,\N
p_7327,Robert Horvath,\N
p_7328,Pete Atkin,\N
p_7329,Noni Lewis,\N
p_7330,Ben Whitehead,\N
p_8326,Geraldine McEwan,1932-05-09
p_7275,Patrick Chesnais,1947-03-18
p_7276,Anne Consigny,1963-05-25
p_7277,Georges Wilson,1921-10-27
p_7278,Lionel Abelanski,1964-10-22
p_7279,Cyril Couton,1972-03-20
p_7280,Geneviève Mnich,1942-02-19
p_7281,Hélène Alexandridis,\N
p_7282,Anne Benoît,1959-01-01
p_7283,Olivier Claverie,\N
p_7284,Marie-Sohna Conde,1971-01-01
p_138716,Stéphan Wojtowicz,1963-01-01
p_7286,Pedro Lombardi,\N
p_7287,Isabelle Brochard,\N
p_22121,Sara Foster,1981-02-05
p_22122,Meagan Good,1981-08-08
p_22123,Jordana Brewster,1980-04-26
p_22124,Jill Ritchie,\N
p_22125,Jimmi Simpson,1975-11-21
p_11318,Holland Taylor,1943-01-14
p_22126,Jessica Cauffiel,1976-03-30
p_22127,Christina Kirk,\N
p_22128,Geoff Stults,1977-12-15
p_7351,Ana Claudia Talancón,1980-05-01
p_7352,Sancho Gracia,1936-09-27
p_7353,Angélica Aragón,1953-07-11
p_7368,Ernesto Gómez Cruz,1933-11-07
p_7369,Gastón Melo,\N
p_7370,Damián Alcázar,1953-01-08
p_7371,Andrés Montiel,\N
p_7372,Pedro Armendáriz Jr.,1940-04-06
p_7373,Blanca Loaria,\N
p_7374,Juan Ignacio Aranda,\N
p_7375,Verónica Langer,\N
p_7376,Jorge Zárate,\N
p_7377,Lorenzo de Rodas,\N
p_7378,Roger Nevares,\N
p_7451,Machiko Kyô,1924-03-25
p_4997,Masayuki Mori,1911-01-13
p_7455,Kichijiro Ueda,\N
p_7456,Fumiko Honma,\N
p_7540,Licia Maglietta,1954-11-16
p_7541,Giuseppe Battiston,1968-07-22
p_7542,Antonio Catania,\N
p_7543,Marina Massironi,1963-05-16
p_7544,Felice Andreasi,\N
p_7545,Vitalba Andrea,\N
p_7546,Tatiana Lepore,\N
p_7547,Daniela Piperno,\N
p_7548,Tiziano Cucchiarelli,\N
p_7549,Matteo Febo,\N
p_7550,Lina Bernardi,\N
p_7551,Mauro Marino,\N
p_7552,Antonia Miccoli,\N
p_7553,Ludovico Paladin,\N
p_7556,Silvana Bosi,1934-07-23
p_41155,Don Backy,1939-08-21
p_137449,Paola Brolati,\N
p_7589,Anni-Kristiina Juuso,\N
p_7590,Ville Haapasalo,\N
p_7591,Viktor Bychkov,\N
p_2219,Tobey Maguire,1975-06-27
p_5293,Willem Dafoe,1955-07-22
p_205,Kirsten Dunst,1982-04-30
p_17051,James Franco,1978-04-19
p_19153,Cliff Robertson,1923-09-09
p_18998,Rosemary Harris,1927-09-19
p_18999,J.K. Simmons,1955-01-09
p_20580,Joe Manganiello,1976-12-28
p_19468,Gerry Becker,1951-04-11
p_5502,Bill Nunn,1953-10-20
p_15253,Stanley Anderson,1939-10-23
p_175047,Ron Perkins,\N
p_20582,Michael Papajohn,1964-11-07
p_6945,K.K. Dodds,1965-01-01
p_11769,Ted Raimi,1965-12-14
p_11357,Bruce Campbell,1958-06-22
p_9281,Elizabeth Banks,1974-02-10
p_255750,John Paxton,1920-07-14
p_74614,Tim De Zarn,1952-07-11
p_198808,Taylor Gilbert,\N
p_83581,Randy Savage,\N
p_21380,Larry Joshua,1952-02-12
p_11766,Timothy Patrick Quill,\N
p_231639,Jason Padgett,1972-10-07
p_129020,Evan Arnold,\N
p_106210,Jim Ward,1959-05-19
p_6944,Octavia Spencer,1970-05-25
p_132430,Brad Grunberg,\N
p_218007,Deborah Wakeham,\N
p_60560,Macy Gray,\N
p_215674,Myk Watford,\N
p_61830,Sylva Kelegian,\N
p_122745,Ajay Mehta,\N
p_11641,Scott Spiegel,1957-12-24
p_53106,Matt Smith,1982-10-28
p_85714,Sara Ramirez,1975-08-31
p_20584,Lucy Lawless,1968-03-29
p_21130,Jayce Bartok,1972-07-31
p_133568,Joseph D'Onofrio,\N
p_14950,Jim Norton,1938-01-04
p_141508,Corey Mendell Parker,\N
p_127088,Ashley Edner,\N
p_55648,Robert Kerman,1954-11-16
p_194006,Jophery C. Brown,\N
p_157142,Jillian Clare,\N
p_23791,Chris Coppola,1962-01-25
p_16500,Mark De Alessandro,\N
p_126127,Al Goto,\N
p_139572,Jesse Heiman,\N
p_215561,Kevin Jackson,\N
p_148917,Loren Janes,\N
p_219034,Andray Johnson,\N
p_76845,Claudia Katz,\N
p_231302,Pete Macnamara,\N
p_213370,Leroy Patterson,\N
p_97914,Martin Pfefferkorn,\N
p_25298,Tammi Sutton,\N
p_132813,Benny Urquidez,\N
p_124500,Sean Valla,\N
p_210748,Brian J. Williams,\N
p_7705,Anaïs Reboux,\N
p_7706,Roxane Mesquida,1981-10-01
p_7707,Libero De Rienzo,1977-02-24
p_7708,Arsinée Khanjian,1958-09-06
p_7709,Romain Goupil,\N
p_7710,Laura Betti,1927-05-01
p_7711,Albert Goldberg,\N
p_7742,Kristoffer Joner,1972-09-19
p_7743,Cecilie A. Mosli,1973-01-30
p_7744,Julia Schacht,\N
p_7745,Anna Bache-Wiig,1975-09-19
p_7760,Magne Kipperrud,\N
p_7761,Øystein Martinsen,\N
p_7762,Odd Arno Midtsjø,\N
p_7803,Christian Berkel,1957-10-28
p_7804,Oliver Stokowski,1962-08-08
p_7805,Wotan Wilke Möhring,1967-05-23
p_7806,Stephan Szasz,1966-01-01
p_7807,Polat Dal,\N
p_7808,Danny Richter,\N
p_7809,Ralf Müller,\N
p_7810,Markus Rudolf,\N
p_7811,Peter Fieseler,1977-01-01
p_7812,Thorsten J.H.Dersch,\N
p_7813,Sven Grefer,\N
p_7815,Nicki von Tempelhoff,1968-10-03
p_7816,Timo Dierkes,1967-06-10
p_7817,Antoine Monot Jr.,1975-06-22
p_7818,Lars Gärtner,1974-09-20
p_7819,Jacek Klimontko,\N
p_7820,Markus Klauk,1973-12-08
p_7821,Ralph Püttmann,\N
p_7822,Edgar Selge,1948-03-27
p_7823,Andrea Sawatzki,1963-02-23
p_7824,Philipp Hochmair,1973-10-16
p_7826,Tristan Vostry,\N
p_7827,Maren Eggert,1974-01-30
p_7828,André Jung,1953-12-13
p_7829,Uwe Rohde,1958-12-08
p_7830,Heiner Lauterbach,1953-04-10
p_5125,Fatih Akin,1973-08-25
p_7831,Christiane Gerboth,\N
p_5652,Klaus Spinnler,\N
p_6355,Roy Scheider,1932-11-10
p_8607,Lorraine Gary,1937-08-16
p_8608,Murray Hamilton,1923-03-24
p_6769,Joseph Mascolo,1929-03-13
p_8609,Jeffrey Kramer,\N
p_8497,Collin Wilcox Paxton,1935-02-04
p_16197,Ann Dusenberry,1958-09-13
p_16198,Mark Gruner,\N
p_16199,Barry Coe,\N
p_16200,Susan French,\N
p_14552,Gary Springer,\N
p_16201,Donna Wilkes,1959-11-11
p_16202,Gary Dubin,\N
p_16203,John Dukakis,\N
p_16204,G. Thomas Dunlop,\N
p_270758,David Elliott,1959-07-08
p_44688,Marc Gilpin,\N
p_33054,Keith Gordon,1961-02-03
p_270759,Cindy Grover,\N
p_193564,Ben Marley,\N
p_270760,Martha Swatek,\N
p_270761,Gigi Vorgan,\N
p_270762,Jerry M. Baxter,\N
p_270763,Jean Coulter,\N
p_270764,Daphne Dibble,\N
p_270765,Christine Freeman,\N
p_211102,April Gilpin,\N
p_151972,William Griffith,\N
p_29370,Gregory Harrison,1950-05-31
p_16213,Lance Guest,1960-07-21
p_16214,Mario Van Peebles,1957-01-15
p_16215,Karen Young,1958-09-28
p_16216,Judith Barsi,1978-06-06
p_16217,Lynn Whitfield,1953-05-06
p_16218,Mitchell Anderson,\N
p_8612,Jay Mello,\N
p_16219,Cedric Scott,\N
p_16220,Charles Bowleg,\N
p_16221,Melvin Van Peebles,1932-08-21
p_16222,Mary Smith,\N
p_16223,Edna Billotto,\N
p_16224,Fritzi Jane Courtney,\N
p_8196,Ulrich Mühe,1953-06-20
p_8197,Sebastian Koch,1962-05-31
p_8198,Ulrich Tukur,1957-07-29
p_8199,Thomas Thieme,1948-10-29
p_8200,Hans-Uwe Bauer,1955-08-26
p_8201,Volkmar Kleinert,1938-09-20
p_8202,Matthias Brenner,1957-09-10
p_8203,Bastian Trost,1974-03-29
p_8204,Charly Hübner,1972-12-04
p_8205,Marie Gruber,1955-06-11
p_8206,Hinnerk Schönemann,1974-11-30
p_8207,Thomas Arnold,1971-05-13
p_10722,Graham Chapman,1941-01-08
p_8930,John Cleese,1939-10-27
p_280,Terry Gilliam,1940-11-22
p_10713,Eric Idle,1943-03-29
p_10707,Terry Jones,1942-02-01
p_383,Michael Palin,1943-05-05
p_10732,Terence Bayler,\N
p_10733,Carol Cleveland,\N
p_10734,Kenneth Colley,1937-12-07
p_10735,Gwen Taylor,\N
p_10737,Sue Jones-Davies,1949-01-01
p_10738,John Case,\N
p_8167,Paul Walker,1973-09-12
p_8169,Tyrese Gibson,1978-12-30
p_8170,Eva Mendes,1974-03-05
p_8171,Ludacris,1977-09-11
p_8175,Thom Barry,1950-12-06
p_1736,James Remar,1953-12-31
p_17341,Amaury Nolasco,1970-12-24
p_8177,Michael Ealy,1973-08-03
p_8178,Jin Auyeung,\N
p_8179,Edward Finlay,\N
p_534,Mark Boone Junior,1955-03-17
p_8180,Matt Gallini,\N
p_157017,Roberto 'Sanz' Sanchez,1965-01-04
p_84421,Eric Etebari,1969-12-05
p_79660,John Cenatiempo,1963-03-05
p_92815,Corey Michael Eubanks,\N
p_6908,Marc Macaulay,1957-10-13
p_177781,Limary Agosto,\N
p_137039,Tony Bolano,\N
p_43449,Tara Carroll,\N
p_11874,Neal H. Moritz,1959-06-06
p_8457,Natalya Bondarchuk,\N
p_8473,Donatas Banionis,1924-04-28
p_8474,Jüri Järvet,1919-06-18
p_8475,Anatoli Solonitsyn,\N
p_8476,Vladislav Dvorzhetsky,\N
p_8477,Nikolai Grinko,1920-05-22
p_8478,Sos Sargsyan,\N
p_8479,Olga Barnet,1951-09-03
p_8480,Tamara Ogorodnikova,\N
p_8481,Georgi Tejkh,\N
p_8487,Gregory Peck,1916-04-05
p_8488,Mary Badham,1952-10-07
p_8489,Phillip Alford,1948-09-11
p_8490,John Megna,1952-11-09
p_6838,Frank Overton,1918-03-12
p_8492,Rosemary Murphy,1925-01-13
p_8493,Ruth White,1914-04-24
p_8494,Estelle Evans,\N
p_8495,Alice Ghostley,\N
p_8496,Paul Fix,1901-03-13
p_8498,James Anderson,\N
p_8499,William Windom,1923-09-28
p_13787,Crahan Denton,\N
p_16055,Richard Hale,\N
p_8515,Jane Darwell,1879-10-15
p_8516,John Carradine,1906-02-05
p_8517,Charley Grapewin,1869-12-20
p_8519,Russell Simpson,1880-06-17
p_8520,O.Z. Whitehead,1911-03-01
p_4119,John Qualen,1899-12-08
p_8521,Eddie Quillan,1907-03-31
p_8522,Zeffie Tilbury,1863-11-20
p_34610,Frank Sully,1908-06-17
p_149508,Frank Darien,\N
p_125958,Darryl Hickman,1931-07-28
p_8595,Alexandre Rodrigues,\N
p_8596,Leandro Firmino,\N
p_8597,Phellipe Haagensen,\N
p_8598,Douglas Silva,1989-09-27
p_8599,Jonathan Haagensen,1983-02-23
p_8600,Matheus Nachtergaele,1969-01-03
p_5659,Seu Jorge,1970-06-08
p_8601,Jefechander Suplino,\N
p_8602,Alice Braga,1983-04-15
p_8603,Roberta Rodrigues,\N
p_8604,Luis Otávio,\N
p_8605,Darlan Cunha,\N
p_8252,William Holden,1918-04-17
p_8629,Gloria Swanson,1899-03-27
p_8630,Erich von Stroheim,1885-09-22
p_8631,Nancy Olson,1928-07-14
p_8632,Fred Clark,1914-03-19
p_8633,Lloyd Gough,\N
p_8634,Jack Webb,1920-04-02
p_8635,Buster Keaton,1895-10-04
p_8636,Cecil B. DeMille,1881-08-12
p_8637,Hedda Hopper,\N
p_8638,Anna Q. Nilsson,\N
p_8639,H. B. Warner,1875-10-26
p_8640,Ray Evans,\N
p_8641,Jay Livingston,\N
p_9976,Henry Thomas,1971-09-09
p_9977,Dee Wallace-Stone,1948-12-14
p_9978,Robert MacNaughton,1966-12-19
p_1600,Drew Barrymore,1975-02-22
p_9979,Peter Coyote,1941-10-10
p_9980,K.C. Martel,1967-09-14
p_9981,Sean Frye,\N
p_2878,C. Thomas Howell,1966-12-07
p_9982,David M. O'Dell,\N
p_9983,Richard Swingler,\N
p_9984,Frank Toth,\N
p_23764,Erika Eleniak,1969-09-29
p_79420,Milt Kogan,\N
p_45386,Mary Stein,\N
p_41227,Anne Lockhart,1953-09-06
p_9964,Melissa Mathison,1950-06-03
p_26513,Debra Winger,1955-05-16
p_2888,Will Smith,1968-09-25
p_8984,Bill Pullman,1953-12-17
p_4785,Jeff Goldblum,1952-10-22
p_1581,Mary McDonnell,1952-04-28
p_6167,Judd Hirsch,1935-03-15
p_1162,Robert Loggia,1930-01-03
p_1811,Randy Quaid,1950-10-01
p_8985,Margaret Colin,1958-05-26
p_8986,James Rebhorn,1948-09-01
p_7420,Harvey Fierstein,1952-06-06
p_2059,Adam Baldwin,1962-02-27
p_1582,James Duval,1972-09-10
p_8987,Lisa Jakub,1978-12-27
p_4133,Giuseppe Andrews,1979-04-25
p_67382,Ross Bagley,\N
p_17200,Bill Smitrovich,1947-05-16
p_52404,Mae Whitman,1988-06-09
p_18688,Harry Connick Jr.,1967-09-11
p_23504,Kiersten Warren,1965-11-04
p_46930,Frank Novak,1945-03-04
p_54455,Devon Gummersall,1978-10-15
p_2221,Leland Orser,1960-08-06
p_123178,Mirron E. Willis,\N
p_142448,David Pressman,1965-11-06
p_86840,Raphael Sbarge,1964-02-12
p_29775,Bobby Hosea,\N
p_29774,Dan Lauria,1947-04-12
p_115312,Steve Giannelli,\N
p_102413,Carlos Lacamara,1958-11-11
p_20361,John Bennett Perry,1941-01-04
p_72864,Tim Kelleher,\N
p_119306,Wayne Wilderson,1966-01-30
p_42547,Jay Acovone,1955-08-20
p_57134,James Wong,1959-04-20
p_118801,Jana Marie Hupp,1964-04-02
p_80477,Robert Pine,1941-07-10
p_153293,Paul LeClair,\N
p_31007,John Capodice,1941-12-25
p_58950,Greg Collins,1952-12-08
p_82058,Derek Webster,\N
p_231162,Mark Fite,\N
p_137940,Kristof Konrad,1975-04-26
p_112265,Kevin Sifuentes,\N
p_122736,Randy Oglesby,\N
p_8214,Barry Del Sherman,1962-11-10
p_76364,Lyman Ward,1941-06-21
p_31367,Anthony Crivello,\N
p_58112,Richard Speight Jr.,1970-09-04
p_18905,Peter J. Lucas,1962-06-02
p_64881,Johnny Kim,\N
p_58382,Jessika Cardinahl,1965-01-01
p_132972,Mark Thompson,\N
p_25711,Kevin Cooney,1945-10-02
p_22250,Rance Howard,1928-11-17
p_57959,Nelson Mashita,\N
p_195182,Sayed Badreya,\N
p_231163,Adam Tomei,1967-10-24
p_46919,Thomas F. Duffy,\N
p_40979,Andrew Keegan,1979-01-29
p_35200,Jim Piddock,1956-04-08
p_6326,Pat Skipper,1958-09-23
p_115231,Lisa Star,\N
p_14738,Malcolm Danare,1962-01-01
p_231164,Joyce Cohen,\N
p_92461,Robin Groth,\N
p_131576,Richard Pachorek,\N
p_18917,Erick Avari,1952-04-13
p_149109,Roy Milton Davis,\N
p_36137,Nectar Rose,\N
p_3801,Tracey Walter,1947-11-25
p_246781,John Bradley,1960-10-18
p_8796,Ulrich Matthes,1959-05-09
p_8797,Juliane Köhler,1965-08-06
p_3491,Thomas Kretschmann,1962-09-08
p_8799,Ulrich Noethen,1959-11-18
p_8800,Birgit Minichmayr,1977-04-03
p_8801,Rolf Kanies,1957-12-21
p_8802,Michael Mendl,1944-04-20
p_1846,André Hennicke,1959-09-21
p_37102,Christian Redl,1948-04-20
p_10744,Götz Otto,1967-10-15
p_18944,Thomas Limpinsel,1965-01-01
p_21743,Gerald Alexander Held,1958-10-19
p_50143,Donevan Gunia,\N
p_22379,Dieter Mann,1941-06-20
p_37066,Bettina Redlich,1963-12-19
p_33043,Heinrich Schmieder,1970-02-14
p_38371,Anna Thalbach,1973-06-01
p_38608,Dietrich Hollinderbäumer,1942-08-16
p_39908,Ulrike Krumbiegel,1961-12-16
p_28343,Karl Kranzkowski,1953-01-01
p_229543,Thorsten Krohn,1965-01-01
p_8741,Victor Sjöström,1879-09-20
p_8742,Ingrid Thulin,1926-01-27
p_8743,Jullan Kindahl,\N
p_8744,Gunnar Sjöberg,\N
p_8745,Ann-Marie Wiman,\N
p_240985,Folke Sundquist,\N
p_138781,Björn Bjelfvenstam,\N
p_184633,Naima Wifstrand,1890-09-04
p_260675,Gunnel Broström,\N
p_180694,Sif Ruud,1916-05-06
p_215942,Yngve Nordwall,\N
p_8767,James Caviezel,1968-09-26
p_8768,Maia Morgenstern,1962-05-01
p_8769,Christo Jivkov,\N
p_8770,Francesco De Vito,\N
p_8771,Monica Bellucci,1964-09-30
p_44650,Toni Bertorelli,1949-09-09
p_8774,Luca Lionello,\N
p_8775,Hristo Naumov Shopov,1964-01-04
p_8776,Claudia Gerini,1971-12-18
p_8777,Fabio Sartor,\N
p_8778,Rosalinda Celentano,\N
p_8828,Lillian Gish,1893-10-14
p_8829,Mae Marsh,1894-11-09
p_8830,Henry B. Walthall,1878-03-16
p_8831,Miriam Cooper,\N
p_8832,Mary Alden,\N
p_8833,Ralph Lewis,1872-10-08
p_8820,Joseph Henabery,\N
p_8834,Josephine Crowell,\N
p_8835,Spottiswoode Aitken,\N
p_8836,Jennie Lee,\N
p_8837,George Siegmann,1882-02-08
p_8838,Elmer Clifton,\N
p_8839,George Beranger,\N
p_8840,Maxfield Stanley,\N
p_8841,Donald Crisp,1882-07-27
p_8842,Howard Gaye,\N
p_1532,Bill Murray,1950-09-21
p_707,Dan Aykroyd,1952-07-01
p_1524,Harold Ramis,1944-11-21
p_8872,Rick Moranis,1953-04-18
p_8873,Annie Potts,1952-10-28
p_7676,William Atherton,1947-07-23
p_8874,Ernie Hudson,1945-12-17
p_8875,David Margulies,1937-02-19
p_55930,Steven Tash,\N
p_134018,Jennifer Runyon,\N
p_8542,Michael Ensign,1944-02-13
p_17488,Alice Drummond,1928-05-21
p_51549,Jordan Charney,\N
p_17396,Timothy Carhart,1953-12-24
p_60205,John Rothman,1949-06-03
p_44127,Larry King,1933-11-19
p_189475,Joe Franklin,\N
p_188877,Norman Matlock,\N
p_7672,Reginald VelJohnson,1952-08-16
p_186532,Rhoda Gemignani,\N
p_115151,Murray Rubin,\N
p_98874,Danny Stone,\N
p_68670,Jean Kasem,\N
p_65924,Christopher Wynkoop,\N
p_105138,Eda Reiss Merin,\N
p_215543,Ric Mancini,\N
p_185068,Stanley Grover,\N
p_134904,Frantz Turner,\N
p_233608,Nancy Kelly,\N
p_230353,Debbie Gibson,1970-08-31
p_42545,Ron Jeremy,1953-03-12
p_104498,Bill Walton,\N
p_8949,Peter Fonda,1940-02-23
p_8960,Antonio Mendoza,\N
p_8961,Phil Spector,1939-12-26
p_514,Jack Nicholson,1937-04-22
p_8962,Luke Askew,1932-03-26
p_8963,Karen Black,1939-07-01
p_8964,Toni Basil,\N
p_254182,Mac Mashourian,\N
p_500,Tom Cruise,1962-07-03
p_9029,Stephen Rea,1946-10-31
p_9030,Thandiwe Newton,1972-11-06
p_9031,Domiziana Giordano,1959-09-04
p_83845,Lyla Hay Owen,\N
p_83840,Micha Bergese,1945-02-19
p_83846,Laure Marsac,\N
p_16459,John McConnell,1958-11-13
p_157691,Bellina Logan,1966-09-28
p_15737,Helen McCrory,1968-08-17
p_167889,Monte Montague,\N
p_134783,Roger Lloyd-Pack,1944-02-08
p_112482,Nicole Dubois,\N
p_15320,Marcel Iureș,1951-08-02
p_42571,Susan Lynch,1971-06-05
p_133991,Louise Salter,\N
p_81763,Matthew Sim,\N
p_24241,Sara Stockbridge,\N
p_155226,Danny Kamin,\N
p_9087,George O'Brien,1899-04-19
p_9088,Janet Gaynor,1906-10-06
p_9089,Margaret Livingston,1900-11-25
p_9090,Bodil Rosing,1877-12-27
p_9091,J. Farrell MacDonald,1875-06-06
p_9092,Ralph Sipperly,\N
p_9093,Jane Winton,1905-10-10
p_9094,Arthur Housman,\N
p_9095,Eddie Boland,\N
p_9096,Gino Corrado,\N
p_9097,Gibson Gowland,1877-01-04
p_9125,Susan Penhaligon,1949-07-03
p_9126,Edward Fox,1937-04-13
p_9127,Lex van Delden,\N
p_9128,Derek de Lint,1950-07-17
p_9129,Huib Rooymans,\N
p_9130,Dolf de Vries,\N
p_9131,Eddy Habbema,\N
p_9132,Belinda Meuldijk,\N
p_9133,Peter Faber,\N
p_9134,Rijk de Gooyer,1925-12-17
p_9135,Johan Schmitz,\N
p_9137,Renée Zellweger,1969-04-25
p_9138,Gemma Jones,1942-12-04
p_9139,Celia Imrie,1952-07-15
p_9140,James Faulkner,1948-07-18
p_5472,Colin Firth,1960-09-10
p_9141,Charmian May,\N
p_3291,Hugh Grant,1960-09-09
p_9142,Paul Brooke,1944-11-22
p_9143,Felicity Montagu,1960-09-12
p_9144,Sally Phillips,1970-05-10
p_9145,James Callis,1971-06-04
p_6368,Embeth Davidtz,1965-08-11
p_9146,Lisa Barbuscia,\N
p_9147,Salman Rushdie,\N
p_40683,Matthew Bates,\N
p_47744,Patrick Barlow,\N
p_9907,Honor Blackman,1925-08-22
p_137131,Joseph Alessi,\N
p_228438,Neil Pearson,1959-04-27
p_98625,Paul Ross,\N
p_59043,Stewart Wright,\N
p_42641,Claire Skinner,1965-01-01
p_228224,Dolly Wells,1971-12-05
p_99950,Toby Whithouse,\N
p_210696,Donald Douglas,1933-03-03
p_169340,Renu Setna,\N
p_80334,Sarah Alexander,1971-01-03
p_112521,Crispin Bonham-Carter,1969-09-23
p_74978,Campbell Graham,\N
p_9235,Nicoletta Braschi,1960-04-19
p_9236,Giorgio Cantarini,1992-04-12
p_9237,Giustino Durano,1923-05-05
p_9238,Amerigo Fontani,\N
p_9239,Sergio Bustric,\N
p_9240,Lidia Alfonsi,1928-04-28
p_5789,Horst Buchholz,1933-12-04
p_9241,Pietro De Silva,\N
p_9242,Giuliana Lojodice,\N
p_9243,Francesco Guzzo,\N
p_9609,Aleksandr Antonov,1898-02-13
p_9610,Vladimir Barsky,\N
p_9607,Grigori Aleksandrov,1903-01-23
p_9611,Ivan Bobrov,\N
p_9727,Mikhail Gomorov,\N
p_9728,Aleksandr Levshin,\N
p_9729,Beatrice Vitoldi,\N
p_9640,Haley Joel Osment,1988-04-10
p_1518,Frances O'Connor,1967-06-12
p_8213,Sam Robards,1961-12-16
p_9641,Jake Thomas,1990-01-30
p_9642,Jude Law,1972-12-29
p_2131,Ken Leung,1970-01-21
p_9048,Clark Gregg,1962-04-02
p_60633,Kevin Sussman,1970-12-04
p_27030,Tom Gallop,\N
p_203996,Eugene Osment,\N
p_10691,April Grace,1962-05-12
p_35521,Matt Winston,1970-02-03
p_74151,Sabrina Grdevich,\N
p_71128,Ashley Scott,1977-07-13
p_42724,John Prosky,\N
p_15029,Enrico Colantoni,1963-02-14
p_47533,Paula Malcomson,1970-01-01
p_2039,Brendan Gleeson,1955-03-29
p_86327,Michael Berresse,\N
p_66505,Hunter King,\N
p_2208,Kathryn Morris,1969-01-28
p_82048,Brian Turk,1970-05-29
p_84729,Justina Machado,1972-09-06
p_7241,Rena Owen,1962-07-22
p_20804,Adam Alexi-Malle,\N
p_65141,Laurence Mason,\N
p_85752,Brent Sexton,1967-08-12
p_118591,Ken Palmer,\N
p_9291,Michael Shamus Wiles,1955-10-27
p_27637,Clara Bellar,1972-09-29
p_15318,Keith Campbell,1962-04-26
p_157146,Tim Edward Rhoze,\N
p_87612,Jim Jansen,1945-07-27
p_200972,R. David Smith,\N
p_43895,Bobby Harwell,\N
p_217529,Billy Scudder,\N
p_34840,Miguel Pérez,1957-09-07
p_19208,Matt Malloy,1963-01-12
p_5090,Adrian Grenier,1976-07-10
p_109912,Mark Allan Staubach,\N
p_95497,Michael Fishman,\N
p_158024,Diane Fletcher,\N
p_90022,Ronnie Gene Blevins,1977-06-20
p_62593,Katie Lohmann,1980-01-29
p_230489,Sarena Mobley,\N
p_35546,Chris Palermo,\N
p_9741,Jean Marais,1913-12-11
p_9742,Josette Day,1914-07-31
p_9743,Marcel André,1885-01-02
p_11536,Mila Parély,1917-10-07
p_9745,Nane Germon,1909-06-10
p_9746,Michel Auclair,1922-09-14
p_9777,Cuba Gooding Jr.,1968-01-02
p_9778,Ice Cube,1969-06-15
p_9779,Morris Chestnut,1969-01-01
p_9780,Angela Bassett,1958-08-16
p_9781,Nia Long,1970-10-30
p_9782,Tyra Ferrell,1962-01-28
p_9783,Lexie Bigham,\N
p_9784,Desi Arnez Hines II,1980-01-21
p_9785,John Cothran,1947-10-31
p_9786,Jessie Lawrence Ferguson,1941-06-08
p_9787,Tammy Hanson,\N
p_9788,Regina King,1971-01-15
p_230452,Hudhail Al-Amir,\N
p_54426,Lloyd Avery II,1969-06-21
p_230453,Mia Bell,\N
p_230454,Kenneth A. Brown,1979-08-08
p_62117,Nicole Brown,1980-08-09
p_230455,Ceal,\N
p_230456,Darneicea Corley,1979-11-17
p_230457,Na'Blonka Durden,\N
p_230458,Susan Falcon,\N
p_230459,Dedrick D. Gobert,1971-11-25
p_230460,Regi Green,\N
p_224344,Kareem J. Grimes,\N
p_230461,Valentino D. Harrison,1980-01-01
p_230451,Baha Jackson,1978-06-12
p_230462,Dee Dee Jacobs,\N
p_230463,Kirk Kinder,\N
p_230464,Meta King,\N
p_230465,Leanear Lane,\N
p_230466,Whitman Mayo,1930-11-15
p_230467,Donovan McCrary,1979-12-24
p_230468,Don Nelson,\N
p_230469,Jimmy Lee Newman,1983-03-14
p_230470,Malcolm Norrington,\N
p_230471,Alysia Rogers,\N
p_83318,Esther Scott,\N
p_230472,Leonette Scott,\N
p_142797,Vonte Sweet,1971-01-01
p_110510,Baldwin C. Sykes,1963-07-17
p_230473,Raymond D. Turner,\N
p_230474,Yolanda Whittaker,1971-08-04
p_6482,John Singleton,1968-01-06
p_6353,Donald Sutherland,1935-07-17
p_9805,Sally Kellerman,1937-04-02
p_9806,Roger Bowen,\N
p_9808,David Arkin,\N
p_9809,Jo Ann Pflug,1940-05-02
p_9810,Gary Burghoff,1943-05-24
p_9811,Fred Williamson,1938-03-05
p_10254,Mario Adorf,1930-09-08
p_10255,Angela Winkler,1944-01-22
p_10256,David Bennent,1966-09-09
p_10257,Katharina Thalbach,1954-01-19
p_10258,Tina Engel,1950-04-06
p_10259,Berta Drews,1901-10-19
p_10260,Roland Teubner,\N
p_10261,Tadeusz Kunikowski,\N
p_10262,Andréa Ferréol,1947-01-06
p_10263,Heinz Bennent,1921-07-17
p_10264,Ilse Pagé,1939-05-19
p_10266,Werner Rehm,1934-01-01
p_10267,Käte Jaenicke,1923-03-22
p_10268,Charles Aznavour,1924-05-22
p_10269,Fritz Hakl,\N
p_10270,Mariella Oliveri,\N
p_3734,Hanna Schygulla,1943-12-25
p_9927,Klaus Löwitsch,1936-04-08
p_9928,Ivan Desny,1922-12-28
p_9929,Greg Eagles,1970-10-28
p_9930,Gisela Uhlen,1919-05-16
p_9931,Elisabeth Trissenaar,1944-04-13
p_3757,Gottfried John,1942-08-29
p_1865,Hark Bohm,1939-05-18
p_9932,Günter Lamprecht,1930-01-21
p_9961,Hélène Chatelain,\N
p_9962,Davos Hanich,\N
p_9963,Jacques Ledoux,\N
p_50020,Scott Patterson,1958-09-11
p_151391,Louis Ferreira,1967-02-20
p_51037,Athena Karkanis,1981-01-01
p_51038,Simon Reynolds,1969-04-11
p_28869,Mike Realba,\N
p_51039,Marty Adams,\N
p_51040,Sarain Boylan,\N
p_51041,Billy Otis,\N
p_111483,James Van Patten,\N
p_101070,Ingrid Hart,\N
p_179552,Janet Land,\N
p_44248,Ron Lea,\N
p_105953,Joanne Boland,1975-11-27
p_91842,Devon Bostick,1991-11-13
p_2134,Mike Butters,\N
p_2147,Oren Koules,1961-01-31
p_252378,David Webster,\N
p_10055,Fernanda Montenegro,1929-10-16
p_10057,Marília Pêra,1943-01-22
p_10059,Vinícius de Oliveira,1985-06-07
p_10060,Soia Lira,\N
p_10061,Othon Bastos,1933-05-23
p_10062,Otávio Augusto,1945-01-30
p_10063,Stela Freitas,\N
p_85002,Choi Min-sik,1962-01-22
p_85003,Yu Ji-tae,1976-04-13
p_84993,Kang Hye-jeong,1982-01-04
p_85015,Oh Dal-su,1968-06-15
p_117205,Byeong-ok Kim,\N
p_244795,Jin-seo Yoon,\N
p_39258,Dae-yeon Lee,1964-11-13
p_169583,Kwang-rok Oh,\N
p_194,Richard Harris,1930-10-01
p_10978,Maggie Smith,1934-12-28
p_10980,Daniel Radcliffe,1989-07-23
p_10989,Rupert Grint,1988-08-24
p_10990,Emma Watson,1990-04-15
p_10981,Fiona Shaw,1958-07-10
p_10982,Harry Melling,1989-03-13
p_10983,Richard Griffiths,1947-07-31
p_10984,Derek Deadman,\N
p_10985,Ian Hart,1964-10-08
p_11184,Warwick Davis,1970-02-03
p_10987,Verne Troyer,1969-01-01
p_19903,Richard Bremmer,\N
p_10988,Geraldine Somerville,1967-05-19
p_477,Julie Walters,1950-02-22
p_10991,Bonnie Wright,1991-02-17
p_10992,Chris Rankin,\N
p_157072,Oliver Phelps,1986-02-25
p_199357,Matthew Lewis,1989-06-27
p_10993,Tom Felton,1987-09-22
p_11212,Josh Herdman,1987-09-09
p_229514,Alfred Enoch,1988-12-02
p_11183,Eleanor Columbus,\N
p_58778,Nina Young,\N
p_11180,David Bradley,1942-04-17
p_4566,Alan Rickman,1946-02-21
p_20240,Zoë Wanamaker,1949-05-13
p_11179,Sean Biggerstaff,1983-03-15
p_178532,Elizabeth Spriggs,\N
p_11185,Emily Dale,\N
p_90426,Julianne Hough,1988-07-20
p_128880,Richard Reid,1984-09-29
p_10274,David Albritton,\N
p_10275,Jack Beresford,\N
p_10276,Henri de Baillet-Latour,\N
p_10277,Philip Edwards,\N
p_10278,Donald Finlay,\N
p_10279,Adolf Hitler,1889-04-20
p_10280,Rudolf Hess,1894-04-26
p_10281,King Umberto II,\N
p_10282,Theodor Lewald,\N
p_10283,Luz Long,\N
p_10284,John Lovelock,\N
p_10285,Joseph Goebbels,1897-10-29
p_10286,Seung-yong Nam,\N
p_10287,Dorothy Odam,\N
p_10288,Martinus Osendarp,\N
p_10289,Jesse Owens,\N
p_10139,Leni Riefenstahl,1902-08-22
p_10290,Mack Robinson,\N
p_10291,Kee-chung Sohn,\N
p_10292,Henri Nannen,\N
p_10158,Robert Mitchum,1917-08-06
p_10159,Jane Greer,1924-09-09
p_10160,Rhonda Fleming,1923-08-10
p_10161,Richard Webb,1915-09-09
p_10162,Steve Brodie,1919-11-21
p_10163,Virginia Huston,1925-04-24
p_10164,Paul Valentine,\N
p_10165,Dickie Moore,1925-09-12
p_10166,Ken Niles,\N
p_10222,Roger Moore,1927-10-14
p_113,Christopher Lee,1922-05-27
p_10341,Britt Ekland,1942-10-06
p_10342,Maud Adams,1945-02-12
p_10343,Hervé Villechaize,\N
p_10224,Clifton James,1921-05-29
p_10344,Richard Loo,1903-10-01
p_10345,Soon-Tek Oh,1943-06-29
p_9874,Bernard Lee,1908-01-10
p_9878,Lois Maxwell,1927-02-14
p_9906,Desmond Llewelyn,1914-09-12
p_67882,Marne Maitland,\N
p_33109,James Cossins,\N
p_127839,Yao Lin Chen,\N
p_99158,Michael Goodliffe,1914-10-01
p_94589,Qiu Yuen,\N
p_10299,Ralf Berzsenyi,\N
p_10300,Ferenc Csík,\N
p_10301,Richard Degener,\N
p_10302,Willemijntje den Ouden,\N
p_10303,Charles des Jammonières,\N
p_10304,Velma Dunn,\N
p_10305,Konrad Frey,\N
p_10306,Marjorie Gestring,\N
p_10307,Albert Greene,\N
p_10308,Tetsuo Hamuro,\N
p_10309,Josef Hasenöhrl,\N
p_10310,Heinz Hax,\N
p_10311,Alois Hudec,\N
p_10312,Cornelius Johnson,\N
p_10313,Adolph Kiefer,\N
p_10314,Masaji Kiyokawa,\N
p_10330,Eva Kotamanidou,\N
p_10331,Aliki Georgouli,1933-01-01
p_10332,Stratos Pahis,\N
p_10333,Vangelis Kazan,\N
p_10334,Maria Vassiliou,\N
p_10335,Petros Zarkadis,\N
p_10336,Kiriakos Katrivanos,\N
p_10338,Grigoris Evangelatos,\N
p_10355,Martin LaSalle,1935-01-01
p_10356,Marika Green,1943-06-21
p_10357,Jean Pélégri,1920-06-20
p_10358,Dolly Scal,\N
p_10359,Pierre Leymarie,\N
p_259322,Kassagi,\N
p_74343,Pierre Étaix,1928-11-23
